ds,trend,yhat_lower,yhat_upper,trend_lower,trend_upper,additive_terms,additive_terms_lower,additive_terms_upper,weekly,weekly_lower,weekly_upper,multiplicative_terms,multiplicative_terms_lower,multiplicative_terms_upper,yhat
2010-12-01,16672.85350463514,4363.30551114225,40736.941891485854,16672.85350463514,16672.85350463514,5637.9315995156985,5637.9315995156985,5637.9315995156985,5637.9315995156985,5637.9315995156985,5637.9315995156985,0.0,0.0,0.0,22310.785104150837
2010-12-02,16690.057241858725,12042.981898917387,45697.22705547378,16690.057241858725,16690.057241858725,12761.521214548706,12761.521214548706,12761.521214548706,12761.521214548706,12761.521214548706,12761.521214548706,0.0,0.0,0.0,29451.57845640743
2010-12-03,16707.26097908231,2264.0804668864976,38331.12771785992,16707.26097908231,16707.26097908231,3614.8296440415925,3614.8296440415925,3614.8296440415925,3614.8296440415925,3614.8296440415925,3614.8296440415925,0.0,0.0,0.0,20322.090623123906
2010-12-04,16724.464716305894,-23527.222849682745,10514.923187588329,16724.464716305894,16724.464716305894,-23536.701597927506,-23536.701597927506,-23536.701597927506,-23536.701597927506,-23536.701597927506,-23536.701597927506,0.0,0.0,0.0,-6812.236881621611
2010-12-05,16741.66845352948,-9743.478006750545,24883.771276067142,16741.66845352948,16741.66845352948,-8790.833747536757,-8790.833747536757,-8790.833747536757,-8790.833747536757,-8790.833747536757,-8790.833747536757,0.0,0.0,0.0,7950.834705992724
2010-12-06,16758.872190753067,2090.3303834314124,37286.291968374266,16758.872190753067,16758.872190753067,2042.2812985885682,2042.2812985885682,2042.2812985885682,2042.2812985885682,2042.2812985885682,2042.2812985885682,0.0,0.0,0.0,18801.153489341636
2010-12-07,16776.075927976653,7956.836380837982,43136.13171539582,16776.075927976653,16776.075927976653,8270.971588739227,8270.971588739227,8270.971588739227,8270.971588739227,8270.971588739227,8270.971588739227,0.0,0.0,0.0,25047.04751671588
2010-12-08,16793.279665200236,6097.997882363306,39342.17566982076,16793.279665200236,16793.279665200236,5637.9315995560455,5637.9315995560455,5637.9315995560455,5637.9315995560455,5637.9315995560455,5637.9315995560455,0.0,0.0,0.0,22431.211264756283
2010-12-09,16810.483402423823,11483.978569900326,45425.55931527529,16810.483402423823,16810.483402423823,12761.521214542976,12761.521214542976,12761.521214542976,12761.521214542976,12761.521214542976,12761.521214542976,0.0,0.0,0.0,29572.0046169668
2010-12-10,16827.68713964741,1210.964374672803,37041.49135564379,16827.68713964741,16827.68713964741,3614.829644028903,3614.829644028903,3614.829644028903,3614.829644028903,3614.829644028903,3614.829644028903,0.0,0.0,0.0,20442.516783676314
2010-12-11,16844.89087687099,-24013.11543993398,10169.442955570996,16844.89087687099,16844.89087687099,-23536.70159792913,-23536.70159792913,-23536.70159792913,-23536.70159792913,-23536.70159792913,-23536.70159792913,0.0,0.0,0.0,-6691.810721058137
2010-12-12,16862.094614094578,-9379.446862297875,25808.90543957497,16862.094614094578,16862.094614094578,-8790.83374756189,-8790.83374756189,-8790.83374756189,-8790.83374756189,-8790.83374756189,-8790.83374756189,0.0,0.0,0.0,8071.260866532688
2010-12-13,16879.298351318164,1561.323515150194,35447.90995697357,16879.298351318164,16879.298351318164,2042.2812985785974,2042.2812985785974,2042.2812985785974,2042.2812985785974,2042.2812985785974,2042.2812985785974,0.0,0.0,0.0,18921.57964989676
2010-12-14,16896.502105835174,6446.3395502052135,41657.03178850011,16896.502105835174,16896.502105835174,8270.971588753679,8270.971588753679,8270.971588753679,8270.971588753679,8270.971588753679,8270.971588753679,0.0,0.0,0.0,25167.47369458885
2010-12-15,16913.705860352184,6434.582791770199,40327.708251622564,16913.705860352184,16913.705860352184,5637.931599539606,5637.931599539606,5637.931599539606,5637.931599539606,5637.931599539606,5637.931599539606,0.0,0.0,0.0,22551.63745989179
2010-12-16,16930.909614869193,11901.214864496767,48708.8498093618,16930.909614869193,16930.909614869193,12761.521214537244,12761.521214537244,12761.521214537244,12761.521214537244,12761.521214537244,12761.521214537244,0.0,0.0,0.0,29692.43082940644
2010-12-17,16948.113369386203,3788.3096376759845,37068.462518846645,16948.113369386203,16948.113369386203,3614.8296439943024,3614.8296439943024,3614.8296439943024,3614.8296439943024,3614.8296439943024,3614.8296439943024,0.0,0.0,0.0,20562.943013380507
2010-12-18,16965.317123903213,-23806.32806521517,9813.829184206475,16965.317123903213,16965.317123903213,-23536.70159790761,-23536.70159790761,-23536.70159790761,-23536.70159790761,-23536.70159790761,-23536.70159790761,0.0,0.0,0.0,-6571.384474004397
2010-12-19,16982.520878420222,-9245.464737765362,26396.130565563544,16982.520878420222,16982.520878420222,-8790.833747548399,-8790.833747548399,-8790.833747548399,-8790.833747548399,-8790.833747548399,-8790.833747548399,0.0,0.0,0.0,8191.687130871824
2010-12-20,16999.724632937232,984.2473654771302,35853.560180026754,16999.724632937232,16999.724632937232,2042.2812985891044,2042.2812985891044,2042.2812985891044,2042.2812985891044,2042.2812985891044,2042.2812985891044,0.0,0.0,0.0,19042.005931526335
2010-12-21,17016.92838745424,7116.072517547548,44008.6167621438,17016.92838745424,17016.92838745424,8270.971588731281,8270.971588731281,8270.971588731281,8270.971588731281,8270.971588731281,8270.971588731281,0.0,0.0,0.0,25287.899976185523
2010-12-22,17034.13214197125,4258.682532650484,39917.2145166357,17034.13214197125,17034.13214197125,5637.931599551562,5637.931599551562,5637.931599551562,5637.931599551562,5637.931599551562,5637.931599551562,0.0,0.0,0.0,22672.063741522812
2010-12-23,17051.33589648826,11820.951792487178,47075.09081662666,17051.33589648826,17051.33589648826,12761.521214557713,12761.521214557713,12761.521214557713,12761.521214557713,12761.521214557713,12761.521214557713,0.0,0.0,0.0,29812.857111045974
2010-12-24,17068.53965100527,3069.8635344901595,37390.49289598218,17068.53965100527,17068.53965100527,3614.829644030291,3614.829644030291,3614.829644030291,3614.829644030291,3614.829644030291,3614.829644030291,0.0,0.0,0.0,20683.36929503556
2010-12-25,17085.74340552228,-23045.779158833753,10950.923960403225,17085.74340552228,17085.74340552228,-23536.70159790585,-23536.70159790585,-23536.70159790585,-23536.70159790585,-23536.70159790585,-23536.70159790585,0.0,0.0,0.0,-6450.9581923835685
2010-12-26,17102.95535968922,-9509.45346979332,25671.330025065872,17102.95535968922,17102.95535968922,-8790.833747532773,-8790.833747532773,-8790.833747532773,-8790.833747532773,-8790.833747532773,-8790.833747532773,0.0,0.0,0.0,8312.121612156445
2010-12-27,17120.167313856156,588.5362212800313,35503.507682700714,17120.167313856156,17120.167313856156,2042.2812985996131,2042.2812985996131,2042.2812985996131,2042.2812985996131,2042.2812985996131,2042.2812985996131,0.0,0.0,0.0,19162.44861245577
2010-12-28,17137.37926802309,7591.611414162306,44050.39822080087,17137.37926802309,17137.37926802309,8270.97158875537,8270.97158875537,8270.97158875537,8270.97158875537,8270.97158875537,8270.97158875537,0.0,0.0,0.0,25408.35085677846
2010-12-29,17154.591222190033,5427.222952935333,39104.04535531416,17154.591222190033,17154.591222190033,5637.931599520003,5637.931599520003,5637.931599520003,5637.931599520003,5637.931599520003,5637.931599520003,0.0,0.0,0.0,22792.522821710038
2010-12-30,17171.803176356967,12596.40717184044,47287.42626658411,17171.803176356967,17171.803176356967,12761.521214524064,12761.521214524064,12761.521214524064,12761.521214524064,12761.521214524064,12761.521214524064,0.0,0.0,0.0,29933.324390881033
2010-12-31,17189.0151305239,2486.866265125035,38754.86423878303,17189.0151305239,17189.0151305239,3614.8296440176027,3614.8296440176027,3614.8296440176027,3614.8296440176027,3614.8296440176027,3614.8296440176027,0.0,0.0,0.0,20803.844774541503
2011-01-01,17206.227084690843,-22769.636745687432,10955.265925868518,17206.227084690843,17206.227084690843,-23536.701597927222,-23536.701597927222,-23536.701597927222,-23536.701597927222,-23536.701597927222,-23536.701597927222,0.0,0.0,0.0,-6330.474513236379
2011-01-02,17223.439038857778,-9473.797596622413,27061.08413333909,17223.439038857778,17223.439038857778,-8790.83374751822,-8790.83374751822,-8790.83374751822,-8790.83374751822,-8790.83374751822,-8790.83374751822,0.0,0.0,0.0,8432.605291339558
2011-01-03,17240.650993024716,604.9833412679526,37443.737524059325,17240.650993024716,17240.650993024716,2042.2812985761511,2042.2812985761511,2042.2812985761511,2042.2812985761511,2042.2812985761511,2042.2812985761511,0.0,0.0,0.0,19282.932291600868
2011-01-04,17257.862947191654,8055.889823690446,42660.808017890915,17257.862947191654,17257.862947191654,8270.971588746579,8270.971588746579,8270.971588746579,8270.971588746579,8270.971588746579,8270.971588746579,0.0,0.0,0.0,25528.834535938233
2011-01-05,17275.07490135859,4865.461889455553,40312.501392773316,17275.07490135859,17275.07490135859,5637.931599503564,5637.931599503564,5637.931599503564,5637.931599503564,5637.931599503564,5637.931599503564,0.0,0.0,0.0,22913.006500862153
2011-01-06,17292.286855525526,11895.462696628065,48638.43904844969,17292.286855525526,17292.286855525526,12761.52121454625,12761.52121454625,12761.52121454625,12761.52121454625,12761.52121454625,12761.52121454625,0.0,0.0,0.0,30053.808070071776
2011-01-07,17309.50044305888,2642.570161407057,38747.98443700756,17309.50044305888,17309.50044305888,3614.829644075504,3614.829644075504,3614.829644075504,3614.829644075504,3614.829644075504,3614.829644075504,0.0,0.0,0.0,20924.330087134385
2011-01-08,17326.714030592233,-25602.663865982915,11521.372199455263,17326.714030592233,17326.714030592233,-23536.701597905703,-23536.701597905703,-23536.701597905703,-23536.701597905703,-23536.701597905703,-23536.701597905703,0.0,0.0,0.0,-6209.98756731347
2011-01-09,17343.92761812559,-9596.568363190829,26885.571108720294,17343.92761812559,17343.92761812559,-8790.83374754335,-8790.83374754335,-8790.83374754335,-8790.83374754335,-8790.83374754335,-8790.83374754335,0.0,0.0,0.0,8553.09387058224
2011-01-10,17361.14120565894,2465.0824313705007,37601.05416154851,17361.14120565894,17361.14120565894,2042.2812986001493,2042.2812986001493,2042.2812986001493,2042.2812986001493,2042.2812986001493,2042.2812986001493,0.0,0.0,0.0,19403.422504259088
2011-01-11,17378.354793192295,7454.08672188718,43225.37545693801,17378.354793192295,17378.354793192295,8270.971588737788,8270.971588737788,8270.971588737788,8270.971588737788,8270.971588737788,8270.971588737788,0.0,0.0,0.0,25649.326381930085
2011-01-12,17395.56838072565,5181.963360231055,39547.01052479322,17395.56838072565,17395.56838072565,5637.931599543914,5637.931599543914,5637.931599543914,5637.931599543914,5637.931599543914,5637.931599543914,0.0,0.0,0.0,23033.499980269564
2011-01-13,17412.781968259,12670.709674402264,48833.948869222644,17412.781968259,17412.781968259,12761.521214540518,12761.521214540518,12761.521214540518,12761.521214540518,12761.521214540518,12761.521214540518,0.0,0.0,0.0,30174.303182799522
2011-01-14,17429.995555792353,3028.350831460567,38215.67316943541,17429.995555792353,17429.995555792353,3614.829644089581,3614.829644089581,3614.829644089581,3614.829644089581,3614.829644089581,3614.829644089581,0.0,0.0,0.0,21044.825199881932
2011-01-15,17447.20914332571,-23197.182447051076,11044.38832851813,17447.20914332571,17447.20914332571,-23536.70159791552,-23536.70159791552,-23536.70159791552,-23536.70159791552,-23536.70159791552,-23536.70159791552,0.0,0.0,0.0,-6089.49245458981
2011-01-16,17464.422730859063,-8638.433974247257,26266.076175012826,17464.422730859063,17464.422730859063,-8790.833747527724,-8790.833747527724,-8790.833747527724,-8790.833747527724,-8790.833747527724,-8790.833747527724,0.0,0.0,0.0,8673.58898333134
2011-01-17,17481.63631839242,1603.441858864051,36837.02461746914,17481.63631839242,17481.63631839242,2042.2812985971668,2042.2812985971668,2042.2812985971668,2042.2812985971668,2042.2812985971668,2042.2812985971668,0.0,0.0,0.0,19523.917616989587
2011-01-18,17498.849905925767,7457.564419810005,42844.3419880076,17498.849905925767,17498.849905925767,8270.971588728999,8270.971588728999,8270.971588728999,8270.971588728999,8270.971588728999,8270.971588728999,0.0,0.0,0.0,25769.821494654767
2011-01-19,17516.06482659265,5186.792219561662,40573.672214025646,17516.06482659265,17516.06482659265,5637.931599512353,5637.931599512353,5637.931599512353,5637.931599512353,5637.931599512353,5637.931599512353,0.0,0.0,0.0,23153.996426105005
2011-01-20,17533.27974725953,12611.201023803256,48301.91979862008,17533.27974725953,17533.27974725953,12761.521214560988,12761.521214560988,12761.521214560988,12761.521214560988,12761.521214560988,12761.521214560988,0.0,0.0,0.0,30294.800961820518
2011-01-21,17550.494667926414,3586.239749358667,39870.76583158002,17550.494667926414,17550.494667926414,3614.829644076892,3614.829644076892,3614.829644076892,3614.829644076892,3614.829644076892,3614.829644076892,0.0,0.0,0.0,21165.324312003308
2011-01-22,17567.709588593294,-22849.020358130667,10225.294221912476,17567.709588593294,17567.709588593294,-23536.70159792532,-23536.70159792532,-23536.70159792532,-23536.70159792532,-23536.70159792532,-23536.70159792532,0.0,0.0,0.0,-5968.992009332025
2011-01-23,17584.924509260174,-10141.536070374643,26648.823018928095,17584.924509260174,17584.924509260174,-8790.833747514233,-8790.833747514233,-8790.833747514233,-8790.833747514233,-8790.833747514233,-8790.833747514233,0.0,0.0,0.0,8794.090761745942
2011-01-24,17602.139429927058,2349.7015657807133,36842.1061470929,17602.139429927058,17602.139429927058,2042.2812985802093,2042.2812985802093,2042.2812985802093,2042.2812985802093,2042.2812985802093,2042.2812985802093,0.0,0.0,0.0,19644.420728507266
2011-01-25,17619.354350593938,8955.194448797769,43527.20745252296,17619.354350593938,17619.354350593938,8270.97158875309,8270.97158875309,8270.97158875309,8270.97158875309,8270.97158875309,8270.97158875309,0.0,0.0,0.0,25890.32593934703
2011-01-26,17636.56927126082,5114.871823369498,40669.182261690956,17636.56927126082,17636.56927126082,5637.931599524308,5637.931599524308,5637.931599524308,5637.931599524308,5637.931599524308,5637.931599524308,0.0,0.0,0.0,23274.50087078513
2011-01-27,17653.7841919277,11926.796052333679,47775.53106941214,17653.7841919277,17653.7841919277,12761.521214583172,12761.521214583172,12761.521214583172,12761.521214583172,12761.521214583172,12761.521214583172,0.0,0.0,0.0,30415.305406510874
2011-01-28,17670.99911259458,3258.515173458965,39255.473342960344,17670.99911259458,17670.99911259458,3614.8296440422896,3614.8296440422896,3614.8296440422896,3614.8296440422896,3614.8296440422896,3614.8296440422896,0.0,0.0,0.0,21285.82875663687
2011-01-29,17688.214033261465,-22954.03239886977,11402.964522955092,17688.214033261465,17688.214033261465,-23536.701597935127,-23536.701597935127,-23536.701597935127,-23536.701597935127,-23536.701597935127,-23536.701597935127,0.0,0.0,0.0,-5848.487564673662
2011-01-30,17705.42895392835,-9281.247079186147,25644.49087818269,17705.42895392835,17705.42895392835,-8790.833747539366,-8790.833747539366,-8790.833747539366,-8790.833747539366,-8790.833747539366,-8790.833747539366,0.0,0.0,0.0,8914.595206388984
2011-01-31,17722.65137430887,2606.7886918822633,37359.917159641984,17722.65137430887,17722.65137430887,2042.2812985772273,2042.2812985772273,2042.2812985772273,2042.2812985772273,2042.2812985772273,2042.2812985772273,0.0,0.0,0.0,19764.932672886098
2011-02-01,17739.87379468939,7678.744348894437,44109.81612177688,17739.87379468939,17739.87379468939,8270.971588744298,8270.971588744298,8270.971588744298,8270.971588744298,8270.971588744298,8270.971588744298,0.0,0.0,0.0,26010.845383433687
2011-02-02,17757.096215069912,6938.007290211499,41864.33294165723,17757.096215069912,17757.096215069912,5637.931599536261,5637.931599536261,5637.931599536261,5637.931599536261,5637.931599536261,5637.931599536261,0.0,0.0,0.0,23395.027814606176
2011-02-03,17774.318635450432,12409.45519113495,47269.677415823695,17774.318635450432,17774.318635450432,12761.52121451989,12761.52121451989,12761.52121451989,12761.52121451989,12761.52121451989,12761.52121451989,0.0,0.0,0.0,30535.83984997032
2011-02-04,17791.54105583095,4725.75325266394,38054.87555706428,17791.54105583095,17791.54105583095,3614.829644100192,3614.829644100192,3614.829644100192,3614.829644100192,3614.829644100192,3614.829644100192,0.0,0.0,0.0,21406.37069993114
2011-02-05,17808.763476211472,-23862.285475482062,11542.468221449017,17808.763476211472,17808.763476211472,-23536.70159791361,-23536.70159791361,-23536.70159791361,-23536.70159791361,-23536.70159791361,-23536.70159791361,0.0,0.0,0.0,-5727.938121702136
2011-02-06,17825.985896591992,-8257.30231805922,26245.906622116934,17825.985896591992,17825.985896591992,-8790.83374752481,-8790.83374752481,-8790.83374752481,-8790.83374752481,-8790.83374752481,-8790.83374752481,0.0,0.0,0.0,9035.152149067182
2011-02-07,17843.208316972512,2833.3606597553626,38736.032482136,17843.208316972512,17843.208316972512,2042.2812985877335,2042.2812985877335,2042.2812985877335,2042.2812985877335,2042.2812985877335,2042.2812985877335,0.0,0.0,0.0,19885.489615560247
2011-02-08,17860.430737353032,7653.10718510139,43263.41199412058,17860.430737353032,17860.430737353032,8270.97158875875,8270.97158875875,8270.97158875875,8270.97158875875,8270.97158875875,8270.97158875875,0.0,0.0,0.0,26131.402326111784
2011-02-09,17877.653157733555,6938.485540580667,41526.58108278059,17877.653157733555,17877.653157733555,5637.931599548216,5637.931599548216,5637.931599548216,5637.931599548216,5637.931599548216,5637.931599548216,0.0,0.0,0.0,23515.584757281773
2011-02-10,17894.875578114075,12832.814863451598,49260.51861501711,17894.875578114075,17894.875578114075,12761.52121451244,12761.52121451244,12761.52121451244,12761.52121451244,12761.52121451244,12761.52121451244,0.0,0.0,0.0,30656.396792626518
2011-02-11,17912.09799849459,3246.0333474160557,38653.4194615254,17912.09799849459,17912.09799849459,3614.82964406559,3614.82964406559,3614.82964406559,3614.82964406559,3614.82964406559,3614.82964406559,0.0,0.0,0.0,21526.927642560182
2011-02-12,17929.600928707547,-24430.232757214515,10380.134813696162,17929.600928707547,17929.600928707547,-23536.701597923424,-23536.701597923424,-23536.701597923424,-23536.701597923424,-23536.701597923424,-23536.701597923424,0.0,0.0,0.0,-5607.100669215877
2011-02-13,17947.103858920498,-8066.021918786639,26959.209255202917,17947.103858920498,17947.103858920498,-8790.833747510249,-8790.833747510249,-8790.833747510249,-8790.833747510249,-8790.833747510249,-8790.833747510249,0.0,0.0,0.0,9156.27011141025
2011-02-14,17964.60678913345,1461.4727203527773,36747.11411668354,17964.60678913345,17964.60678913345,2042.2812985982416,2042.2812985982416,2042.2812985982416,2042.2812985982416,2042.2812985982416,2042.2812985982416,0.0,0.0,0.0,20006.88808773169
2011-02-15,17982.1097193464,8885.73772721013,43644.63718286082,17982.1097193464,17982.1097193464,8270.971588736353,8270.971588736353,8270.971588736353,8270.971588736353,8270.971588736353,8270.971588736353,0.0,0.0,0.0,26253.081308082754
2011-02-16,17999.61264955935,6960.942018920222,41164.976740492086,17999.61264955935,17999.61264955935,5637.931599516657,5637.931599516657,5637.931599516657,5637.931599516657,5637.931599516657,5637.931599516657,0.0,0.0,0.0,23637.544249076007
2011-02-17,18017.1155797723,12132.635680287638,48368.5104024421,18017.1155797723,18017.1155797723,12761.521214534627,12761.521214534627,12761.521214534627,12761.521214534627,12761.521214534627,12761.521214534627,0.0,0.0,0.0,30778.636794306927
2011-02-18,18034.618509985252,4408.403238386529,38494.51534879452,18034.618509985252,18034.618509985252,3614.8296440529,3614.8296440529,3614.8296440529,3614.8296440529,3614.8296440529,3614.8296440529,0.0,0.0,0.0,21649.448154038153
2011-02-19,18052.121440198203,-23990.483892653334,10863.111508588034,18052.121440198203,18052.121440198203,-23536.701597921663,-23536.701597921663,-23536.701597921663,-23536.701597921663,-23536.701597921663,-23536.701597921663,0.0,0.0,0.0,-5484.58015772346
2011-02-20,18069.624370411155,-6746.789730544399,25537.23237985322,18069.624370411155,18069.624370411155,-8790.833747577208,-8790.833747577208,-8790.833747577208,-8790.833747577208,-8790.833747577208,-8790.833747577208,0.0,0.0,0.0,9278.790622833947
2011-02-21,18087.127300624106,2846.903374430347,37306.06283298935,18087.127300624106,18087.127300624106,2042.2812985882708,2042.2812985882708,2042.2812985882708,2042.2812985882708,2042.2812985882708,2042.2812985882708,0.0,0.0,0.0,20129.408599212376
2011-02-22,18104.630230837058,9544.84617990977,42770.39871801636,18104.630230837058,18104.630230837058,8270.971588750806,8270.971588750806,8270.971588750806,8270.971588750806,8270.971588750806,8270.971588750806,0.0,0.0,0.0,26375.601819587864
2011-02-23,18122.558984867013,6087.68181123967,42146.0618268582,18122.558984867013,18122.558984867013,5637.9315995286115,5637.9315995286115,5637.9315995286115,5637.9315995286115,5637.9315995286115,5637.9315995286115,0.0,0.0,0.0,23760.490584395626
2011-02-24,18140.487738896973,13403.361556725748,49680.94232764571,18140.487738896973,18140.487738896973,12761.521214556813,12761.521214556813,12761.521214556813,12761.521214556813,12761.521214556813,12761.521214556813,0.0,0.0,0.0,30902.008953453784
2011-02-25,18158.41649292693,3572.334245541239,39152.39638105524,18158.41649292693,18158.41649292693,3614.8296440402114,3614.8296440402114,3614.8296440402114,3614.8296440402114,3614.8296440402114,3614.8296440402114,0.0,0.0,0.0,21773.24613696714
2011-02-26,18176.345246956887,-22455.534889277114,12830.607747397009,18176.345246956887,18176.345246956887,-23536.70159792328,-23536.70159792328,-23536.70159792328,-23536.70159792328,-23536.70159792328,-23536.70159792328,0.0,0.0,0.0,-5360.356350966391
2011-02-27,18194.274000986843,-8782.079666554744,26980.46747153466,18194.274000986843,18194.274000986843,-8790.833747562647,-8790.833747562647,-8790.833747562647,-8790.833747562647,-8790.833747562647,-8790.833747562647,0.0,0.0,0.0,9403.440253424196
2011-02-28,18212.202755016802,2610.793943684114,38456.33253544446,18212.202755016802,18212.202755016802,2042.281298585287,2042.281298585287,2042.281298585287,2042.281298585287,2042.281298585287,2042.281298585287,0.0,0.0,0.0,20254.48405360209
2011-03-01,18230.13150904676,8316.778334519915,44230.17470081865,18230.13150904676,18230.13150904676,8270.971588742015,8270.971588742015,8270.971588742015,8270.971588742015,8270.971588742015,8270.971588742015,0.0,0.0,0.0,26501.10309778878
2011-03-02,18248.060263076717,5568.035944124814,42158.142277681596,18248.060263076717,18248.060263076717,5637.931599512176,5637.931599512176,5637.931599512176,5637.931599512176,5637.931599512176,5637.931599512176,0.0,0.0,0.0,23885.991862588893
2011-03-03,18265.989017106676,12584.298379233172,47042.284375335796,18265.989017106676,18265.989017106676,12761.52121454936,12761.52121454936,12761.52121454936,12761.52121454936,12761.52121454936,12761.52121454936,0.0,0.0,0.0,31027.510231656037
2011-03-04,18283.917771136632,3104.2058920114473,38956.27638131423,18283.917771136632,18283.917771136632,3614.8296440762006,3614.8296440762006,3614.8296440762006,3614.8296440762006,3614.8296440762006,3614.8296440762006,0.0,0.0,0.0,21898.747415212834
2011-03-05,18301.84652516659,-22149.03740656779,11496.14041251708,18301.84652516659,18301.84652516659,-23536.701597921525,-23536.701597921525,-23536.701597921525,-23536.701597921525,-23536.701597921525,-23536.701597921525,0.0,0.0,0.0,-5234.855072754934
2011-03-06,18319.775279196547,-8078.36418398594,28168.202227835758,18319.775279196547,18319.775279196547,-8790.83374754809,-8790.83374754809,-8790.83374754809,-8790.83374754809,-8790.83374754809,-8790.83374754809,0.0,0.0,0.0,9528.941531648457
2011-03-07,18337.983345622826,2101.9003072890355,37947.13354248388,18337.983345622826,18337.983345622826,2042.281298582304,2042.281298582304,2042.281298582304,2042.281298582304,2042.281298582304,2042.281298582304,0.0,0.0,0.0,20380.26464420513
2011-03-08,18356.191412049102,7775.561367626127,43758.89156956293,18356.191412049102,18356.191412049102,8270.97158873322,8270.97158873322,8270.97158873322,8270.97158873322,8270.97158873322,8270.97158873322,0.0,0.0,0.0,26627.163000782322
2011-03-09,18374.399478475378,6633.943135379678,39951.356731896616,18374.399478475378,18374.399478475378,5637.9315995506695,5637.9315995506695,5637.9315995506695,5637.9315995506695,5637.9315995506695,5637.9315995506695,0.0,0.0,0.0,24012.331078026047
2011-03-10,18392.607544901657,14489.400148425857,49287.33503104609,18392.607544901657,18392.607544901657,12761.52121454363,12761.52121454363,12761.52121454363,12761.52121454363,12761.52121454363,12761.52121454363,0.0,0.0,0.0,31154.128759445288
2011-03-11,18410.815611327936,4588.4013616449965,39093.67665222469,18410.815611327936,18410.815611327936,3614.8296440415993,3614.8296440415993,3614.8296440415993,3614.8296440415993,3614.8296440415993,3614.8296440415993,0.0,0.0,0.0,22025.645255369534
2011-03-12,18429.023677754212,-22469.633250031144,12501.989869070501,18429.023677754212,18429.023677754212,-23536.701597931326,-23536.701597931326,-23536.701597931326,-23536.701597931326,-23536.701597931326,-23536.701597931326,0.0,0.0,0.0,-5107.677920177113
2011-03-13,18447.23174418049,-6216.202739448097,27624.939973567925,18447.23174418049,18447.23174418049,-8790.833747532464,-8790.833747532464,-8790.833747532464,-8790.833747532464,-8790.833747532464,-8790.833747532464,0.0,0.0,0.0,9656.397996648027
2011-03-14,18465.439810606767,3346.9062024925,38478.464599860825,18465.439810606767,18465.439810606767,2042.2812985723347,2042.2812985723347,2042.2812985723347,2042.2812985723347,2042.2812985723347,2042.2812985723347,0.0,0.0,0.0,20507.721109179103
2011-03-15,18483.647877033043,9159.464729631563,44131.794092571756,18483.647877033043,18483.647877033043,8270.97158873407,8270.97158873407,8270.97158873407,8270.97158873407,8270.97158873407,8270.97158873407,0.0,0.0,0.0,26754.619465767115
2011-03-16,18501.855943459323,6914.7061350918775,42517.59660075107,18501.855943459323,18501.855943459323,5637.931599534232,5637.931599534232,5637.931599534232,5637.931599534232,5637.931599534232,5637.931599534232,0.0,0.0,0.0,24139.787542993556
2011-03-17,18520.0640098856,14074.039425459172,50485.1460938734,18520.0640098856,18520.0640098856,12761.521214537901,12761.521214537901,12761.521214537901,12761.521214537901,12761.521214537901,12761.521214537901,0.0,0.0,0.0,31281.5852244235
2011-03-18,18538.272076311878,3892.9227446472296,39271.02687340212,18538.272076311878,18538.272076311878,3614.8296440069976,3614.8296440069976,3614.8296440069976,3614.8296440069976,3614.8296440069976,3614.8296440069976,0.0,0.0,0.0,22153.101720318875
2011-03-19,18556.75591006,-23289.942942029564,12001.434520236631,18556.75591006,18556.75591006,-23536.70159790162,-23536.70159790162,-23536.70159790162,-23536.70159790162,-23536.70159790162,-23536.70159790162,0.0,0.0,0.0,-4979.94568784162
2011-03-20,18575.239743808124,-7617.832032557814,26520.98838225363,18575.239743808124,18575.239743808124,-8790.833747559729,-8790.833747559729,-8790.833747559729,-8790.833747559729,-8790.833747559729,-8790.833747559729,0.0,0.0,0.0,9784.405996248395
2011-03-21,18593.723577556248,4448.164279284002,38482.55253902149,18593.723577556248,18593.723577556248,2042.2812985828416,2042.2812985828416,2042.2812985828416,2042.2812985828416,2042.2812985828416,2042.2812985828416,0.0,0.0,0.0,20636.00487613909
2011-03-22,18612.20741130437,9935.465714882119,45413.86937309574,18612.20741130437,18612.20741130437,8270.971588748522,8270.971588748522,8270.971588748522,8270.971588748522,8270.971588748522,8270.971588748522,0.0,0.0,0.0,26883.179000052893
2011-03-23,18630.691245052494,7468.328087628733,42851.48810520361,18630.691245052494,18630.691245052494,5637.931599546187,5637.931599546187,5637.931599546187,5637.931599546187,5637.931599546187,5637.931599546187,0.0,0.0,0.0,24268.62284459868
2011-03-24,18649.175078800614,12787.83219977168,50267.58413901026,18649.175078800614,18649.175078800614,12761.521214560087,12761.521214560087,12761.521214560087,12761.521214560087,12761.521214560087,12761.521214560087,0.0,0.0,0.0,31410.6962933607
2011-03-25,18667.65891254874,4614.473412755148,40689.360633963195,18667.65891254874,18667.65891254874,3614.8296440429863,3614.8296440429863,3614.8296440429863,3614.8296440429863,3614.8296440429863,3614.8296440429863,0.0,0.0,0.0,22282.48855659173
2011-03-26,18686.142746296864,-21622.748584641013,12286.675232529871,18686.142746296864,18686.142746296864,-23536.70159791143,-23536.70159791143,-23536.70159791143,-23536.70159791143,-23536.70159791143,-23536.70159791143,0.0,0.0,0.0,-4850.558851614565
2011-03-27,18704.626580044987,-7239.554862528992,28046.628823034906,18704.626580044987,18704.626580044987,-8790.833747544108,-8790.833747544108,-8790.833747544108,-8790.833747544108,-8790.833747544108,-8790.833747544108,0.0,0.0,0.0,9913.79283250088
2011-03-28,18723.11041379311,2047.9602915870887,38307.198530391695,18723.11041379311,18723.11041379311,2042.2812985933497,2042.2812985933497,2042.2812985933497,2042.2812985933497,2042.2812985933497,2042.2812985933497,0.0,0.0,0.0,20765.39171238646
2011-03-29,18741.594247541234,10298.92450009815,46205.56522002248,18741.594247541234,18741.594247541234,8270.971588762974,8270.971588762974,8270.971588762974,8270.971588762974,8270.971588762974,8270.971588762974,0.0,0.0,0.0,27012.56583630421
2011-03-30,18760.078081289357,7053.113766970352,41592.9838482713,18760.078081289357,18760.078081289357,5637.931599514628,5637.931599514628,5637.931599514628,5637.931599514628,5637.931599514628,5637.931599514628,0.0,0.0,0.0,24398.009680803985
2011-03-31,18779.011434580534,14919.571148356645,49139.77806594725,18779.011434580534,18779.011434580534,12761.521214524719,12761.521214524719,12761.521214524719,12761.521214524719,12761.521214524719,12761.521214524719,0.0,0.0,0.0,31540.532649105255
2011-04-01,18797.94478787171,4573.305945983503,40675.74619407029,18797.94478787171,18797.94478787171,3614.829644030297,3614.829644030297,3614.829644030297,3614.829644030297,3614.829644030297,3614.829644030297,0.0,0.0,0.0,22412.77443190201
2011-04-02,18816.878141162888,-20349.62321611999,11742.007775567597,18816.878141162888,18816.878141162888,-23536.701597921237,-23536.701597921237,-23536.701597921237,-23536.701597921237,-23536.701597921237,-23536.701597921237,0.0,0.0,0.0,-4719.8234567583495
2011-04-03,18835.811494454065,-8154.898308035686,27609.283887863083,18835.811494454065,18835.811494454065,-8790.833747529545,-8790.833747529545,-8790.833747529545,-8790.833747529545,-8790.833747529545,-8790.833747529545,0.0,0.0,0.0,10044.97774692452
2011-04-04,18854.74484774524,2324.485924231673,38544.0793263224,18854.74484774524,18854.74484774524,2042.2812985903652,2042.2812985903652,2042.2812985903652,2042.2812985903652,2042.2812985903652,2042.2812985903652,0.0,0.0,0.0,20897.026146335607
2011-04-05,18873.67820103642,9584.491781079307,45146.316903599276,18873.67820103642,18873.67820103642,8270.971588750215,8270.971588750215,8270.971588750215,8270.971588750215,8270.971588750215,8270.971588750215,0.0,0.0,0.0,27144.649789786636
2011-04-06,18892.611554327596,7480.446434360901,41642.31234275867,18892.611554327596,18892.611554327596,5637.931599526585,5637.931599526585,5637.931599526585,5637.931599526585,5637.931599526585,5637.931599526585,0.0,0.0,0.0,24530.54315385418
2011-04-07,18911.544907618772,14094.972272121753,49816.777155438795,18911.544907618772,18911.544907618772,12761.521214546905,12761.521214546905,12761.521214546905,12761.521214546905,12761.521214546905,12761.521214546905,0.0,0.0,0.0,31673.066122165677
2011-04-08,18930.47826090995,3865.7217133548625,40682.04470545033,18930.47826090995,18930.47826090995,3614.829644017607,3614.829644017607,3614.829644017607,3614.829644017607,3614.829644017607,3614.829644017607,0.0,0.0,0.0,22545.307904927555
2011-04-09,18949.411614201126,-20616.875718096326,13253.364724556006,18949.411614201126,18949.411614201126,-23536.701597931045,-23536.701597931045,-23536.701597931045,-23536.701597931045,-23536.701597931045,-23536.701597931045,0.0,0.0,0.0,-4587.289983729919
2011-04-10,18968.344967492303,-7404.425414982418,28183.816352033704,18968.344967492303,18968.344967492303,-8790.833747554681,-8790.833747554681,-8790.833747554681,-8790.833747554681,-8790.833747554681,-8790.833747554681,0.0,0.0,0.0,10177.511219937622
2011-04-11,18987.278320783484,3124.8385571818867,38987.84015857819,18987.278320783484,18987.278320783484,2042.2812985938858,2042.2812985938858,2042.2812985938858,2042.2812985938858,2042.2812985938858,2042.2812985938858,0.0,0.0,0.0,21029.55961937737
2011-04-12,19006.667959020302,9013.127545687505,45235.485231390856,19006.667959020302,19006.667959020302,8270.971588718183,8270.971588718183,8270.971588718183,8270.971588718183,8270.971588718183,8270.971588718183,0.0,0.0,0.0,27277.639547738487
2011-04-13,19026.057597257117,6611.04779331965,42252.966443663114,19026.057597257117,19026.057597257117,5637.931599538536,5637.931599538536,5637.931599538536,5637.931599538536,5637.931599538536,5637.931599538536,0.0,0.0,0.0,24663.989196795654
2011-04-14,19045.447235493935,15298.993298857253,51008.87927006845,19045.447235493935,19045.447235493935,12761.521214541175,12761.521214541175,12761.521214541175,12761.521214541175,12761.521214541175,12761.521214541175,0.0,0.0,0.0,31806.96845003511
2011-04-15,19064.836873730754,5320.990203849105,39539.40793937432,19064.836873730754,19064.836873730754,3614.8296439830056,3614.8296439830056,3614.8296439830056,3614.8296439830056,3614.8296439830056,3614.8296439830056,0.0,0.0,0.0,22679.66651771376
2011-04-16,19084.22651196757,-22440.68474477828,12478.194884664532,19084.22651196757,19084.22651196757,-23536.70159790953,-23536.70159790953,-23536.70159790953,-23536.70159790953,-23536.70159790953,-23536.70159790953,0.0,0.0,0.0,-4452.475085941962
2011-04-17,19103.616150204387,-7083.28355182354,28594.3570059791,19103.616150204387,19103.616150204387,-8790.833747540122,-8790.833747540122,-8790.833747540122,-8790.833747540122,-8790.833747540122,-8790.833747540122,0.0,0.0,0.0,10312.782402664265
2011-04-18,19123.005788441205,3717.9872176845765,38132.52486082786,19123.005788441205,19123.005788441205,2042.2812985909038,2042.2812985909038,2042.2812985909038,2042.2812985909038,2042.2812985909038,2042.2812985909038,0.0,0.0,0.0,21165.28708703211
2011-04-19,19142.395426678024,9928.45539426096,45123.93275688503,19142.395426678024,19142.395426678024,8270.971588732633,8270.971588732633,8270.971588732633,8270.971588732633,8270.971588732633,8270.971588732633,0.0,0.0,0.0,27413.36701541066
2011-04-20,19161.785064914842,7146.633460215271,42099.884165307696,19161.785064914842,19161.785064914842,5637.931599550491,5637.931599550491,5637.931599550491,5637.931599550491,5637.931599550491,5637.931599550491,0.0,0.0,0.0,24799.716664465333
2011-04-21,19181.17470315166,15389.806488250137,49326.53818139349,19181.17470315166,19181.17470315166,12761.521214561642,12761.521214561642,12761.521214561642,12761.521214561642,12761.521214561642,12761.521214561642,0.0,0.0,0.0,31942.695917713303
2011-04-22,19200.564341388475,5190.570734138089,39064.21937101754,19200.564341388475,19200.564341388475,3614.829644089586,3614.829644089586,3614.829644089586,3614.829644089586,3614.829644089586,3614.829644089586,0.0,0.0,0.0,22815.393985478062
2011-04-23,19219.953979625294,-21024.503457054663,13601.438381095879,19219.953979625294,19219.953979625294,-23536.701597930907,-23536.701597930907,-23536.701597930907,-23536.701597930907,-23536.701597930907,-23536.701597930907,0.0,0.0,0.0,-4316.747618305613
2011-04-24,19239.642739267583,-6963.798608463559,27240.974863786625,19239.642739267583,19239.642739267583,-8790.833747525565,-8790.833747525565,-8790.833747525565,-8790.833747525565,-8790.833747525565,-8790.833747525565,0.0,0.0,0.0,10448.808991742018
2011-04-25,19259.33149890987,3354.3303773283683,38188.79939352072,19259.33149890987,19259.33149890987,2042.2812986014094,2042.2812986014094,2042.2812986014094,2042.2812986014094,2042.2812986014094,2042.2812986014094,0.0,0.0,0.0,21301.61279751128
2011-04-26,19279.02025855216,9920.192542903646,45000.749052116844,19279.02025855216,19279.02025855216,8270.971588756725,8270.971588756725,8270.971588756725,8270.971588756725,8270.971588756725,8270.971588756725,0.0,0.0,0.0,27549.991847308884
2011-04-27,19298.709018194444,6269.603224535233,42022.259122225194,19298.709018194444,19298.709018194444,5637.931599518931,5637.931599518931,5637.931599518931,5637.931599518931,5637.931599518931,5637.931599518931,0.0,0.0,0.0,24936.640617713376
2011-04-28,19318.397777836733,15273.628640306875,49402.13605805903,19318.397777836733,19318.397777836733,12761.52121455591,12761.52121455591,12761.52121455591,12761.52121455591,12761.52121455591,12761.52121455591,0.0,0.0,0.0,32079.918992392646
2011-04-29,19338.086537479023,5057.83510861403,39755.52699284421,19338.086537479023,19338.086537479023,3614.8296440549843,3614.8296440549843,3614.8296440549843,3614.8296440549843,3614.8296440549843,3614.8296440549843,0.0,0.0,0.0,22952.91618153401
2011-04-30,19357.77529712131,-20646.685030906607,13435.007922040933,19357.77529712131,19357.77529712131,-23536.701597929143,-23536.701597929143,-23536.701597929143,-23536.701597929143,-23536.701597929143,-23536.701597929143,0.0,0.0,0.0,-4178.926300807834
2011-05-01,19377.464056763598,-7292.648150159201,28557.167853636336,19377.464056763598,19377.464056763598,-8790.83374751101,-8790.83374751101,-8790.83374751101,-8790.83374751101,-8790.83374751101,-8790.83374751101,0.0,0.0,0.0,10586.630309252589
2011-05-02,19397.152816405887,2865.540887453001,38913.46199915379,19397.152816405887,19397.152816405887,2042.2812985709631,2042.2812985709631,2042.2812985709631,2042.2812985709631,2042.2812985709631,2042.2812985709631,0.0,0.0,0.0,21439.43411497685
2011-05-03,19416.841576048173,11002.374199116877,45648.49356146715,19416.841576048173,19416.841576048173,8270.971588747932,8270.971588747932,8270.971588747932,8270.971588747932,8270.971588747932,8270.971588747932,0.0,0.0,0.0,27687.813164796105
2011-05-04,19436.53033569046,6623.172492380468,42725.53266211499,19436.53033569046,19436.53033569046,5637.93159955928,5637.93159955928,5637.93159955928,5637.93159955928,5637.93159955928,5637.93159955928,0.0,0.0,0.0,25074.46193524974
2011-05-05,19456.219095332748,15498.181424432416,50119.57810338678,19456.219095332748,19456.219095332748,12761.52121455018,12761.52121455018,12761.52121455018,12761.52121455018,12761.52121455018,12761.52121455018,0.0,0.0,0.0,32217.740309882927
2011-05-06,19476.216947582274,4695.5160916788955,40139.33826096813,19476.216947582274,19476.216947582274,3614.8296440642075,3614.8296440642075,3614.8296440642075,3614.8296440642075,3614.8296440642075,3614.8296440642075,0.0,0.0,0.0,23091.046591646482
2011-05-07,19496.2147998318,-23603.29314694989,12087.09962686597,19496.2147998318,19496.2147998318,-23536.701597907624,-23536.701597907624,-23536.701597907624,-23536.701597907624,-23536.701597907624,-23536.701597907624,0.0,0.0,0.0,-4040.4867980758245
2011-05-08,19516.212652081325,-5526.355232677067,27642.12010596989,19516.212652081325,19516.212652081325,-8790.83374753614,-8790.83374753614,-8790.83374753614,-8790.83374753614,-8790.83374753614,-8790.83374753614,0.0,0.0,0.0,10725.378904545185
2011-05-09,19536.210504330847,4280.334012762191,39647.42060854276,19536.210504330847,19536.210504330847,2042.281298581469,2042.281298581469,2042.281298581469,2042.281298581469,2042.281298581469,2042.281298581469,0.0,0.0,0.0,21578.491802912315
2011-05-10,19556.208356580373,10203.926191199502,44857.88896471723,19556.208356580373,19556.208356580373,8270.971588762386,8270.971588762386,8270.971588762386,8270.971588762386,8270.971588762386,8270.971588762386,0.0,0.0,0.0,27827.17994534276
2011-05-11,19576.2062088299,7332.172441608143,41108.26940540901,19576.2062088299,19576.2062088299,5637.9315995428415,5637.9315995428415,5637.9315995428415,5637.9315995428415,5637.9315995428415,5637.9315995428415,0.0,0.0,0.0,25214.13780837274
2011-05-12,19596.204061079425,14794.205483121434,49270.96469778044,19596.204061079425,19596.204061079425,12761.52121454445,12761.52121454445,12761.52121454445,12761.52121454445,12761.52121454445,12761.52121454445,0.0,0.0,0.0,32357.725275623874
2011-05-13,19616.201913328947,5868.500223669923,40549.07286023608,19616.201913328947,19616.201913328947,3614.8296440782847,3614.8296440782847,3614.8296440782847,3614.8296440782847,3614.8296440782847,3614.8296440782847,0.0,0.0,0.0,23231.03155740723
2011-05-14,19636.199765578473,-21122.067887512825,13853.804782592077,19636.199765578473,19636.199765578473,-23536.701597917432,-23536.701597917432,-23536.701597917432,-23536.701597917432,-23536.701597917432,-23536.701597917432,0.0,0.0,0.0,-3900.5018323389595
2011-05-15,19656.197617828,-6932.942604386151,28061.295477052743,19656.197617828,19656.197617828,-8790.833747522649,-8790.833747522649,-8790.833747522649,-8790.833747522649,-8790.833747522649,-8790.833747522649,0.0,0.0,0.0,10865.36387030535
2011-05-16,19676.195470077524,3116.0375793124927,40346.01359082169,19676.195470077524,19676.195470077524,2042.2812985919768,2042.2812985919768,2042.2812985919768,2042.2812985919768,2042.2812985919768,2042.2812985919768,0.0,0.0,0.0,21718.4767686695
2011-05-17,19696.193322327046,11621.258050033428,46179.35870828541,19696.193322327046,19696.193322327046,8270.971588730354,8270.971588730354,8270.971588730354,8270.971588730354,8270.971588730354,8270.971588730354,0.0,0.0,0.0,27967.1649110574
2011-05-18,19716.386186842108,7454.419063610331,42274.292098556514,19716.386186842108,19716.386186842108,5637.931599511282,5637.931599511282,5637.931599511282,5637.931599511282,5637.931599511282,5637.931599511282,0.0,0.0,0.0,25354.31778635339
2011-05-19,19736.579051357166,14668.359486273366,50013.25924240928,19736.579051357166,19736.579051357166,12761.521214535282,12761.521214535282,12761.521214535282,12761.521214535282,12761.521214535282,12761.521214535282,0.0,0.0,0.0,32498.100265892448
2011-05-20,19756.771915872225,5053.428857292408,40532.23681457497,19756.771915872225,19756.771915872225,3614.8296440655954,3614.8296440655954,3614.8296440655954,3614.8296440655954,3614.8296440655954,3614.8296440655954,0.0,0.0,0.0,23371.60155993782
2011-05-21,19776.964780387287,-20511.46789012934,12011.559279453102,19776.964780387287,19776.964780387287,-23536.701597915675,-23536.701597915675,-23536.701597915675,-23536.701597915675,-23536.701597915675,-23536.701597915675,0.0,0.0,0.0,-3759.736817528388
2011-05-22,19797.157644902345,-6322.296503613249,28350.41276560556,19797.157644902345,19797.157644902345,-8790.833747507024,-8790.833747507024,-8790.833747507024,-8790.833747507024,-8790.833747507024,-8790.833747507024,0.0,0.0,0.0,11006.323897395321
2011-05-23,19817.350509417403,6356.285586595811,38914.05767248797,19817.350509417403,19817.350509417403,2042.2812985820067,2042.2812985820067,2042.2812985820067,2042.2812985820067,2042.2812985820067,2042.2812985820067,0.0,0.0,0.0,21859.63180799941
2011-05-24,19837.54337393246,9527.150694886126,46285.44941119334,19837.54337393246,19837.54337393246,8270.971588754439,8270.971588754439,8270.971588754439,8270.971588754439,8270.971588754439,8270.971588754439,0.0,0.0,0.0,28108.514962686902
2011-05-25,19857.73623844752,8118.86367471638,42271.998939641235,19857.73623844752,19857.73623844752,5637.931599523238,5637.931599523238,5637.931599523238,5637.931599523238,5637.931599523238,5637.931599523238,0.0,0.0,0.0,25495.66783797076
2011-05-26,19877.929102962582,14026.796114586725,49544.59593544077,19877.929102962582,19877.929102962582,12761.521214529548,12761.521214529548,12761.521214529548,12761.521214529548,12761.521214529548,12761.521214529548,0.0,0.0,0.0,32639.45031749213
2011-05-27,19898.12196747764,5243.64068093754,41506.761048335895,19898.12196747764,19898.12196747764,3614.8296440529057,3614.8296440529057,3614.8296440529057,3614.8296440529057,3614.8296440529057,3614.8296440529057,0.0,0.0,0.0,23512.951611530545
2011-05-28,19918.314831992702,-21132.75425806134,15107.968131846397,19918.314831992702,19918.314831992702,-23536.70159793705,-23536.70159793705,-23536.70159793705,-23536.70159793705,-23536.70159793705,-23536.70159793705,0.0,0.0,0.0,-3618.3867659443495
2011-05-29,19938.50769650776,-5928.070315872734,29598.76624228993,19938.50769650776,19938.50769650776,-8790.833747532157,-8790.833747532157,-8790.833747532157,-8790.833747532157,-8790.833747532157,-8790.833747532157,0.0,0.0,0.0,11147.673948975604
2011-05-30,19958.876836035102,5066.58644883731,38800.986130628175,19958.876836035102,19958.876836035102,2042.2812985790235,2042.2812985790235,2042.2812985790235,2042.2812985790235,2042.2812985790235,2042.2812985790235,0.0,0.0,0.0,22001.158134614125
2011-05-31,19979.245975562444,10622.401776656454,45925.73386507629,19979.245975562444,19979.245975562444,8270.971588745651,8270.971588745651,8270.971588745651,8270.971588745651,8270.971588745651,8270.971588745651,0.0,0.0,0.0,28250.217564308095
2011-06-01,19999.61511508979,7972.782075097316,42962.379398180165,19999.61511508979,19999.61511508979,5637.931599506798,5637.931599506798,5637.931599506798,5637.931599506798,5637.931599506798,5637.931599506798,0.0,0.0,0.0,25637.54671459659
2011-06-02,20019.98425461713,14342.296243781153,50061.27973316367,20019.98425461713,20019.98425461713,12761.521214551734,12761.521214551734,12761.521214551734,12761.521214551734,12761.521214551734,12761.521214551734,0.0,0.0,0.0,32781.505469168864
2011-06-03,20040.353394144473,5885.596469816758,39825.73055637285,20040.353394144473,20040.353394144473,3614.829644088895,3614.829644088895,3614.829644088895,3614.829644088895,3614.829644088895,3614.829644088895,0.0,0.0,0.0,23655.18303823337
2011-06-04,20060.722533671815,-21506.89636387588,13686.551394342816,20060.722533671815,20060.722533671815,-23536.701597915533,-23536.701597915533,-23536.701597915533,-23536.701597915533,-23536.701597915533,-23536.701597915533,0.0,0.0,0.0,-3475.9790642437183
2011-06-05,20081.091673199157,-7007.183343917754,27851.290595967836,20081.091673199157,20081.091673199157,-8790.833747559424,-8790.833747559424,-8790.833747559424,-8790.833747559424,-8790.833747559424,-8790.833747559424,0.0,0.0,0.0,11290.257925639733
2011-06-06,20101.4608127265,5218.364499213976,39172.621610111295,20101.4608127265,20101.4608127265,2042.2812985895316,2042.2812985895316,2042.2812985895316,2042.2812985895316,2042.2812985895316,2042.2812985895316,0.0,0.0,0.0,22143.74211131603
2011-06-07,20121.829952253844,10698.744747158165,46495.282409598076,20121.829952253844,20121.829952253844,8270.97158873686,8270.97158873686,8270.97158873686,8270.97158873686,8270.97158873686,8270.97158873686,0.0,0.0,0.0,28392.801540990702
2011-06-08,20142.19909178118,7970.125270697238,43807.1132465646,20142.19909178118,20142.19909178118,5637.931599547145,5637.931599547145,5637.931599547145,5637.931599547145,5637.931599547145,5637.931599547145,0.0,0.0,0.0,25780.130691328326
2011-06-09,20162.568231308527,15871.105968499942,49884.74309443198,20162.568231308527,20162.568231308527,12761.521214516371,12761.521214516371,12761.521214516371,12761.521214516371,12761.521214516371,12761.521214516371,0.0,0.0,0.0,32924.089445824895
2011-06-10,20182.93737083587,5469.67175075778,40793.03627683351,20182.93737083587,20182.93737083587,3614.8296440542936,3614.8296440542936,3614.8296440542936,3614.8296440542936,3614.8296440542936,3614.8296440542936,0.0,0.0,0.0,23797.767014890163
2011-06-11,20203.425290567644,-20936.688299322843,14249.61482068295,20203.425290567644,20203.425290567644,-23536.701597925345,-23536.701597925345,-23536.701597925345,-23536.701597925345,-23536.701597925345,-23536.701597925345,0.0,0.0,0.0,-3333.2763073577007
2011-06-12,20223.91321029942,-6917.160653618148,29091.19523979284,20223.91321029942,20223.91321029942,-8790.833747543795,-8790.833747543795,-8790.833747543795,-8790.833747543795,-8790.833747543795,-8790.833747543795,0.0,0.0,0.0,11433.079462755624
2011-06-13,20244.401130031194,4388.748921177943,40057.32683171584,20244.401130031194,20244.401130031194,2042.2812985865467,2042.2812985865467,2042.2812985865467,2042.2812985865467,2042.2812985865467,2042.2812985865467,0.0,0.0,0.0,22286.68242861774
2011-06-14,20264.88904976297,11281.621010046018,46291.93361860053,20264.88904976297,20264.88904976297,8270.971588737706,8270.971588737706,8270.971588737706,8270.971588737706,8270.971588737706,8270.971588737706,0.0,0.0,0.0,28535.860638500675
2011-06-15,20285.376969494744,8635.80614208098,44734.91468275821,20285.376969494744,20285.376969494744,5637.931599528859,5637.931599528859,5637.931599528859,5637.931599528859,5637.931599528859,5637.931599528859,0.0,0.0,0.0,25923.308569023604
2011-06-16,20305.86488922652,15093.620357610296,50832.1804363137,20305.86488922652,20305.86488922652,12761.521214538556,12761.521214538556,12761.521214538556,12761.521214538556,12761.521214538556,12761.521214538556,0.0,0.0,0.0,33067.38610376508
2011-06-17,20326.352808958298,6528.3130053013865,40895.452349324114,20326.352808958298,20326.352808958298,3614.8296440416034,3614.8296440416034,3614.8296440416034,3614.8296440416034,3614.8296440416034,3614.8296440416034,0.0,0.0,0.0,23941.1824529999
2011-06-18,20346.84072869007,-20739.41809650471,14047.044564030606,20346.84072869007,20346.84072869007,-23536.701597935153,-23536.701597935153,-23536.701597935153,-23536.701597935153,-23536.701597935153,-23536.701597935153,0.0,0.0,0.0,-3189.8608692450834
2011-06-19,20367.328648421844,-4787.577072100817,28665.996073085258,20367.328648421844,20367.328648421844,-8790.833747571058,-8790.833747571058,-8790.833747571058,-8790.833747571058,-8790.833747571058,-8790.833747571058,0.0,0.0,0.0,11576.494900850787
2011-06-20,20387.816568153623,3872.5137470639884,41229.67621667777,20387.816568153623,20387.816568153623,2042.2812985900684,2042.2812985900684,2042.2812985900684,2042.2812985900684,2042.2812985900684,2042.2812985900684,0.0,0.0,0.0,22430.09786674369
2011-06-21,20408.304487885398,11750.319116059749,44405.61030333718,20408.304487885398,20408.304487885398,8270.97158875216,8270.97158875216,8270.97158875216,8270.97158875216,8270.97158875216,8270.97158875216,0.0,0.0,0.0,28679.276076637558
2011-06-22,20428.79240761717,8489.17775685738,43019.66350869646,20428.79240761717,20428.79240761717,5637.9315995408115,5637.9315995408115,5637.9315995408115,5637.9315995408115,5637.9315995408115,5637.9315995408115,0.0,0.0,0.0,26066.72400715798
2011-06-23,20449.85233089703,14930.422878365045,48988.83172882832,20449.85233089703,20449.85233089703,12761.521214560742,12761.521214560742,12761.521214560742,12761.521214560742,12761.521214560742,12761.521214560742,0.0,0.0,0.0,33211.37354545777
2011-06-24,20470.91225417689,7429.350409662554,40704.073085823795,20470.91225417689,20470.91225417689,3614.8296440070017,3614.8296440070017,3614.8296440070017,3614.8296440070017,3614.8296440070017,3614.8296440070017,0.0,0.0,0.0,24085.74189818389
2011-06-25,20491.972177456744,-19609.925557888073,14360.684418841902,20491.972177456744,20491.972177456744,-23536.701597925203,-23536.701597925203,-23536.701597925203,-23536.701597925203,-23536.701597925203,-23536.701597925203,0.0,0.0,0.0,-3044.7294204684586
2011-06-26,20513.032100736604,-6558.337532967802,30549.232953954695,20513.032100736604,20513.032100736604,-8790.83374755544,-8790.83374755544,-8790.83374755544,-8790.83374755544,-8790.83374755544,-8790.83374755544,0.0,0.0,0.0,11722.198353181164
2011-06-27,20534.092024016463,4395.553264564422,41006.58347982471,20534.092024016463,20534.092024016463,2042.2812985870835,2042.2812985870835,2042.2812985870835,2042.2812985870835,2042.2812985870835,2042.2812985870835,0.0,0.0,0.0,22576.373322603547
2011-06-28,20555.15194729632,10886.23440368057,46925.115116207846,20555.15194729632,20555.15194729632,8270.971588743367,8270.971588743367,8270.971588743367,8270.971588743367,8270.971588743367,8270.971588743367,0.0,0.0,0.0,28826.123536039686
2011-06-29,20576.211870576175,9246.701054692478,44112.239589016994,20576.211870576175,20576.211870576175,5637.931599524372,5637.931599524372,5637.931599524372,5637.931599524372,5637.931599524372,5637.931599524372,0.0,0.0,0.0,26214.14347010055
2011-06-30,20597.271793856034,16452.392000353357,49983.15187598416,20597.271793856034,20597.271793856034,12761.521214525377,12761.521214525377,12761.521214525377,12761.521214525377,12761.521214525377,12761.521214525377,0.0,0.0,0.0,33358.79300838141
2011-07-01,20618.33171713589,7578.384737494675,41591.271254378786,20618.33171713589,20618.33171713589,3614.8296440649046,3614.8296440649046,3614.8296440649046,3614.8296440649046,3614.8296440649046,3614.8296440649046,0.0,0.0,0.0,24233.161361200793
2011-07-02,20639.39164041575,-21470.393683763592,13326.966076730185,20639.39164041575,20639.39164041575,-23536.701597915253,-23536.701597915253,-23536.701597915253,-23536.701597915253,-23536.701597915253,-23536.701597915253,0.0,0.0,0.0,-2897.309957499503
2011-07-03,20660.45156369561,-6403.733390231972,28848.60766106709,20660.45156369561,20660.45156369561,-8790.833747540879,-8790.833747540879,-8790.833747540879,-8790.833747540879,-8790.833747540879,-8790.833747540879,0.0,0.0,0.0,11869.61781615473
2011-07-04,20681.511486975465,6597.528110121278,40531.83345015894,20681.511486975465,20681.511486975465,2042.2812985841006,2042.2812985841006,2042.2812985841006,2042.2812985841006,2042.2812985841006,2042.2812985841006,0.0,0.0,0.0,22723.792785559566
2011-07-05,20714.457855997196,11598.002083366957,46918.49835349194,20714.457855997196,20714.457855997196,8270.97158875782,8270.97158875782,8270.97158875782,8270.97158875782,8270.97158875782,8270.97158875782,0.0,0.0,0.0,28985.429444755016
2011-07-06,20747.404225018927,8884.070202038321,46163.59988522382,20747.404225018927,20747.404225018927,5637.931599521206,5637.931599521206,5637.931599521206,5637.931599521206,5637.931599521206,5637.931599521206,0.0,0.0,0.0,26385.335824540132
2011-07-07,20780.350594040658,15560.994827741564,50238.61504643114,20780.350594040658,20780.350594040658,12761.52121454756,12761.52121454756,12761.52121454756,12761.52121454756,12761.52121454756,12761.52121454756,0.0,0.0,0.0,33541.871808588214
2011-07-08,20813.296963062385,7725.115052606169,42063.33825980567,20813.296963062385,20813.296963062385,3614.829644030302,3614.829644030302,3614.829644030302,3614.829644030302,3614.829644030302,3614.829644030302,0.0,0.0,0.0,24428.126607092687
2011-07-09,20846.243332084116,-20120.3001370647,14698.361252639508,20846.243332084116,20846.243332084116,-23536.70159792506,-23536.70159792506,-23536.70159792506,-23536.70159792506,-23536.70159792506,-23536.70159792506,0.0,0.0,0.0,-2690.4582658409454
2011-07-10,20879.189701105846,-6481.756697082655,28640.2036310908,20879.189701105846,20879.189701105846,-8790.833747525257,-8790.833747525257,-8790.833747525257,-8790.833747525257,-8790.833747525257,-8790.833747525257,0.0,0.0,0.0,12088.355953580589
2011-07-11,20912.136070127577,5966.965800847563,41457.738767632014,20912.136070127577,20912.136070127577,2042.281298587623,2042.281298587623,2042.281298587623,2042.281298587623,2042.281298587623,2042.281298587623,0.0,0.0,0.0,22954.4173687152
2011-07-12,20945.082439149304,10051.839591872582,46423.53388672828,20945.082439149304,20945.082439149304,8270.971588735421,8270.971588735421,8270.971588735421,8270.971588735421,8270.971588735421,8270.971588735421,0.0,0.0,0.0,29216.054027884726
2011-07-13,20978.02880817104,9000.315057025426,44385.4520760166,20978.02880817104,20978.02880817104,5637.931599533161,5637.931599533161,5637.931599533161,5637.931599533161,5637.931599533161,5637.931599533161,0.0,0.0,0.0,26615.9604077042
2011-07-14,21010.975177192766,16981.72986916759,51944.58717307969,21010.975177192766,21010.975177192766,12761.52121454183,12761.52121454183,12761.52121454183,12761.52121454183,12761.52121454183,12761.52121454183,0.0,0.0,0.0,33772.496391734596
2011-07-15,21043.9215462145,6802.348981111295,41982.65096230127,21043.9215462145,21043.9215462145,3614.829643995701,3614.829643995701,3614.829643995701,3614.829643995701,3614.829643995701,3614.829643995701,0.0,0.0,0.0,24658.7511902102
2011-07-16,21104.569813190126,-18988.963340239385,14755.27987131692,21104.569813190126,21104.569813190126,-23536.701597903546,-23536.701597903546,-23536.701597903546,-23536.701597903546,-23536.701597903546,-23536.701597903546,0.0,0.0,0.0,-2432.1317847134196
2011-07-17,21165.21808016576,-5745.5121165840055,30347.100626837928,21165.21808016576,21165.21808016576,-8790.833747551455,-8790.833747551455,-8790.833747551455,-8790.833747551455,-8790.833747551455,-8790.833747551455,0.0,0.0,0.0,12374.384332614305
2011-07-18,21225.86634714139,5360.237690354972,40152.715687031756,21225.86634714139,21225.86634714139,2042.281298584639,2042.281298584639,2042.281298584639,2042.281298584639,2042.281298584639,2042.281298584639,0.0,0.0,0.0,23268.14764572603
2011-07-19,21286.51461411702,12672.724065091035,47683.49843906661,21286.51461411702,21286.51461411702,8270.971588736269,8270.971588736269,8270.971588736269,8270.971588736269,8270.971588736269,8270.971588736269,0.0,0.0,0.0,29557.486202853288
2011-07-20,21347.162881092652,8839.814703547161,45347.72658523265,21347.162881092652,21347.162881092652,5637.931599545115,5637.931599545115,5637.931599545115,5637.931599545115,5637.931599545115,5637.931599545115,0.0,0.0,0.0,26985.094480637767
2011-07-21,21407.81114806828,15580.594889574533,51407.59428187907,21407.81114806828,21407.81114806828,12761.521214564016,12761.521214564016,12761.521214564016,12761.521214564016,12761.521214564016,12761.521214564016,0.0,0.0,0.0,34169.332362632296
2011-07-22,21468.45941504391,7447.892068116536,42112.12496715739,21468.45941504391,21468.45941504391,3614.8296440536014,3614.8296440536014,3614.8296440536014,3614.8296440536014,3614.8296440536014,3614.8296440536014,0.0,0.0,0.0,25083.289059097515
2011-07-23,21529.10768201954,-19275.540530905706,14890.727048445186,21529.10768201954,21529.10768201954,-23536.701597924923,-23536.701597924923,-23536.701597924923,-23536.701597924923,-23536.701597924923,-23536.701597924923,0.0,0.0,0.0,-2007.5939159053814
2011-07-24,21589.755948995175,-3409.994303719374,31018.571832882535,21589.755948995175,21589.755948995175,-8790.833747536893,-8790.833747536893,-8790.833747536893,-8790.833747536893,-8790.833747536893,-8790.833747536893,0.0,0.0,0.0,12798.922201458281
2011-07-25,21650.404215970804,5018.167633838856,41735.24522064841,21650.404215970804,21650.404215970804,2042.281298595146,2042.281298595146,2042.281298595146,2042.281298595146,2042.281298595146,2042.281298595146,0.0,0.0,0.0,23692.68551456595
2011-07-26,21711.052482946434,12467.620304136712,48603.82925777983,21711.052482946434,21711.052482946434,8270.97158872748,8270.97158872748,8270.97158872748,8270.97158872748,8270.97158872748,8270.97158872748,0.0,0.0,0.0,29982.024071673914
2011-07-27,21771.700749922056,8801.486796004436,44738.547788788106,21771.700749922056,21771.700749922056,5637.931599513557,5637.931599513557,5637.931599513557,5637.931599513557,5637.931599513557,5637.931599513557,0.0,0.0,0.0,27409.63234943561
2011-07-28,21864.04264826028,16572.83166359971,51141.4574283441,21864.04264826028,21864.04264826028,12761.521214556567,12761.521214556567,12761.521214556567,12761.521214556567,12761.521214556567,12761.521214556567,0.0,0.0,0.0,34625.56386281685
2011-07-29,21956.384546598503,7136.886250369857,42769.84803747025,21956.384546598503,21956.384546598503,3614.8296440676786,3614.8296440676786,3614.8296440676786,3614.8296440676786,3614.8296440676786,3614.8296440676786,0.0,0.0,0.0,25571.214190666182
2011-07-30,22048.72644493672,-18777.254554873398,15938.270968378663,22048.72644493672,22048.72644493672,-23536.701597923162,-23536.701597923162,-23536.701597923162,-23536.701597923162,-23536.701597923162,-23536.701597923162,0.0,0.0,0.0,-1487.9751529864407
2011-07-31,22141.068343274947,-4309.07280597389,30894.87409141744,22141.068343274947,22141.068343274947,-8790.833747522338,-8790.833747522338,-8790.833747522338,-8790.833747522338,-8790.833747522338,-8790.833747522338,0.0,0.0,0.0,13350.234595752609
2011-08-01,22233.410241613165,5757.684132656491,42694.73982433417,22233.410241613165,22233.410241613165,2042.2812985921619,2042.2812985921619,2042.2812985921619,2042.2812985921619,2042.2812985921619,2042.2812985921619,0.0,0.0,0.0,24275.691540205327
2011-08-02,22325.752139951386,12964.601775615653,48716.89182170412,22325.752139951386,22325.752139951386,8270.971588751569,8270.971588751569,8270.971588751569,8270.971588751569,8270.971588751569,8270.971588751569,0.0,0.0,0.0,30596.723728702957
2011-08-03,22418.094038289608,11530.064096661927,46441.383824848475,22418.094038289608,22418.094038289608,5637.931599553904,5637.931599553904,5637.931599553904,5637.931599553904,5637.931599553904,5637.931599553904,0.0,0.0,0.0,28056.02563784351
2011-08-04,22510.43593662783,16571.683348752507,51712.635923192705,22510.43593662783,22510.43593662783,12761.521214550834,12761.521214550834,12761.521214550834,12761.521214550834,12761.521214550834,12761.521214550834,0.0,0.0,0.0,35271.95715117866
2011-08-05,22602.77783496605,7680.003450914802,44609.620318316825,22602.77783496605,22602.77783496605,3614.829644076902,3614.829644076902,3614.829644076902,3614.829644076902,3614.829644076902,3614.829644076902,0.0,0.0,0.0,26217.607479042952
2011-08-06,22695.11973330427,-20028.192451081195,16537.34609757616,22695.11973330427,22695.11973330427,-23536.701597932963,-23536.701597932963,-23536.701597932963,-23536.701597932963,-23536.701597932963,-23536.701597932963,0.0,0.0,0.0,-841.5818646286934
2011-08-07,22787.46163164249,-4032.357051750684,31840.42278756082,22787.46163164249,22787.46163164249,-8790.833747547473,-8790.833747547473,-8790.833747547473,-8790.833747547473,-8790.833747547473,-8790.833747547473,0.0,0.0,0.0,13996.627884095018
2011-08-08,22879.803529980712,8454.701960760198,42498.72780310105,22879.803529980712,22879.803529980712,2042.2812985821922,2042.2812985821922,2042.2812985821922,2042.2812985821922,2042.2812985821922,2042.2812985821922,0.0,0.0,0.0,24922.084828562904
2011-08-09,23010.368291497765,13362.39531561289,47983.82110430584,23010.368291497765,23010.368291497765,8270.97158876602,8270.97158876602,8270.97158876602,8270.97158876602,8270.97158876602,8270.97158876602,0.0,0.0,0.0,31281.339880263786
2011-08-10,23140.933053014815,10064.682740646287,46573.33840520902,23140.933053014815,23140.933053014815,5637.931599537467,5637.931599537467,5637.931599537467,5637.931599537467,5637.931599537467,5637.931599537467,0.0,0.0,0.0,28778.86465255228
2011-08-11,23271.49781453186,17601.36899076829,52673.694599747905,23271.49781453186,23271.49781453186,12761.521214545104,12761.521214545104,12761.521214545104,12761.521214545104,12761.521214545104,12761.521214545104,0.0,0.0,0.0,36033.01902907697
2011-08-12,23402.06257604891,8321.805403514272,44030.836206722546,23402.06257604891,23402.06257604891,3614.829644090979,3614.829644090979,3614.829644090979,3614.829644090979,3614.829644090979,3614.829644090979,0.0,0.0,0.0,27016.89222013989
2011-08-13,23532.627337565955,-18709.111027981868,18000.36032576895,23532.627337565955,23532.627337565955,-23536.701597911455,-23536.701597911455,-23536.701597911455,-23536.701597911455,-23536.701597911455,-23536.701597911455,0.0,0.0,0.0,-4.074260345500079
2011-08-14,23663.192099083008,-3209.6012815788768,33116.993083420675,23663.192099083008,23663.192099083008,-8790.833747533981,-8790.833747533981,-8790.833747533981,-8790.833747533981,-8790.833747533981,-8790.833747533981,0.0,0.0,0.0,14872.358351549026
2011-08-15,23793.756860600053,7622.5806797547375,44003.78622773281,23793.756860600053,23793.756860600053,2042.2812985857133,2042.2812985857133,2042.2812985857133,2042.2812985857133,2042.2812985857133,2042.2812985857133,0.0,0.0,0.0,25836.038159185766
2011-08-16,23924.321622117102,15692.38933959216,48347.39540400323,23924.321622117102,23924.321622117102,8270.971588733988,8270.971588733988,8270.971588733988,8270.971588733988,8270.971588733988,8270.971588733988,0.0,0.0,0.0,32195.29321085109
2011-08-17,24054.886383634148,13131.94540383979,47633.49728183907,24054.886383634148,24054.886383634148,5637.93159954942,5637.93159954942,5637.93159954942,5637.93159954942,5637.93159954942,5637.93159954942,0.0,0.0,0.0,29692.817983183566
2011-08-18,24185.4511451512,18256.603724249486,54592.85076410185,24185.4511451512,24185.4511451512,12761.521214565571,12761.521214565571,12761.521214565571,12761.521214565571,12761.521214565571,12761.521214565571,0.0,0.0,0.0,36946.972359716776
2011-08-19,24316.01590666825,9928.246766795886,45844.470505783414,24316.01590666825,24316.01590666825,3614.8296440782883,3614.8296440782883,3614.8296440782883,3614.8296440782883,3614.8296440782883,3614.8296440782883,0.0,0.0,0.0,27930.845550746537
2011-08-20,24446.580668185285,-16065.645822607927,19571.56430602829,24446.580668185285,24446.580668185285,-23536.70159790969,-23536.70159790969,-23536.70159790969,-23536.70159790969,-23536.70159790969,-23536.70159790969,0.0,0.0,0.0,909.8790702755941
2011-08-21,24614.428348503407,-1955.8534268103965,32827.5162115149,24614.428348503407,24614.428348503407,-8790.833747518353,-8790.833747518353,-8790.833747518353,-8790.833747518353,-8790.833747518353,-8790.833747518353,0.0,0.0,0.0,15823.594600985054
2011-08-22,24782.27602882153,8230.71911557056,43219.249739583785,24782.27602882153,24782.27602882153,2042.2812985962214,2042.2812985962214,2042.2812985962214,2042.2812985962214,2042.2812985962214,2042.2812985962214,0.0,0.0,0.0,26824.55732741775
2011-08-23,24950.123709139647,15404.278258400034,50566.04427407898,24950.123709139647,24950.123709139647,8270.971588758075,8270.971588758075,8270.971588758075,8270.971588758075,8270.971588758075,8270.971588758075,0.0,0.0,0.0,33221.09529789772
2011-08-24,25117.971389457773,13463.111063273696,48700.906076745596,25117.971389457773,25117.971389457773,5637.931599517862,5637.931599517862,5637.931599517862,5637.931599517862,5637.931599517862,5637.931599517862,0.0,0.0,0.0,30755.902988975635
2011-08-25,25285.81906977589,21234.917630661334,56350.601167770954,25285.81906977589,25285.81906977589,12761.521214531922,12761.521214531922,12761.521214531922,12761.521214531922,12761.521214531922,12761.521214531922,0.0,0.0,0.0,38047.340284307815
2011-08-26,25453.666750094017,11885.719566403855,46990.08067532074,25453.666750094017,25453.666750094017,3614.8296440656004,3614.8296440656004,3614.8296440656004,3614.8296440656004,3614.8296440656004,3614.8296440656004,0.0,0.0,0.0,29068.496394159618
2011-08-27,25621.514430412135,-15302.624936874323,19174.712482332554,25621.514430412135,25621.514430412135,-23536.70159793107,-23536.70159793107,-23536.70159793107,-23536.70159793107,-23536.70159793107,-23536.70159793107,0.0,0.0,0.0,2084.812832481064
2011-08-28,25789.36211073026,-1676.6186413577611,33667.10602633804,25789.36211073026,25789.36211073026,-8790.833747503797,-8790.833747503797,-8790.833747503797,-8790.833747503797,-8790.833747503797,-8790.833747503797,0.0,0.0,0.0,16998.52836322646
2011-08-29,25957.20979104838,10186.35649047749,45825.89640925173,25957.20979104838,25957.20979104838,2042.28129857276,2042.28129857276,2042.28129857276,2042.28129857276,2042.28129857276,2042.28129857276,0.0,0.0,0.0,27999.49108962114
2011-08-30,26125.057471366505,16070.142392078636,52156.527410732866,26125.057471366505,26125.057471366505,8270.971588749284,8270.971588749284,8270.971588749284,8270.971588749284,8270.971588749284,8270.971588749284,0.0,0.0,0.0,34396.02906011579
2011-08-31,26292.905151684623,14577.48080992695,49882.717561208934,26292.905151684623,26292.905151684623,5637.931599501425,5637.931599501425,5637.931599501425,5637.931599501425,5637.931599501425,5637.931599501425,0.0,0.0,0.0,31930.83675118605
2011-09-01,26460.75283200275,21794.134924720987,56680.8080230083,26460.75283200275,26460.75283200275,12761.521214552393,12761.521214552393,12761.521214552393,12761.521214552393,12761.521214552393,12761.521214552393,0.0,0.0,0.0,39222.27404655514
2011-09-02,26638.694759324713,13261.30217745698,49037.05646621013,26638.694759324713,26638.694759324713,3614.82964405291,3614.82964405291,3614.82964405291,3614.82964405291,3614.82964405291,3614.82964405291,0.0,0.0,0.0,30253.524403377625
2011-09-03,26816.636686646667,-14465.195326121817,21500.677531484747,26816.636686646667,26816.636686646667,-23536.70159790955,-23536.70159790955,-23536.70159790955,-23536.70159790955,-23536.70159790955,-23536.70159790955,0.0,0.0,0.0,3279.9350887371183
2011-09-04,26994.578613968635,891.4815573650203,36354.45778649643,26994.578613968635,26994.578613968635,-8790.833747528932,-8790.833747528932,-8790.833747528932,-8790.833747528932,-8790.833747528932,-8790.833747528932,0.0,0.0,0.0,18203.7448664397
2011-09-05,27172.5205412906,10375.943172885549,46671.96829940159,27172.5205412906,27172.5205412906,2042.2812985832682,2042.2812985832682,2042.2812985832682,2042.2812985832682,2042.2812985832682,2042.2812985832682,0.0,0.0,0.0,29214.801839873868
2011-09-06,27350.462468612564,17394.72082226814,54362.03958809511,27350.462468612564,27350.462468612564,8270.971588740493,8270.971588740493,8270.971588740493,8270.971588740493,8270.971588740493,8270.971588740493,0.0,0.0,0.0,35621.43405735306
2011-09-07,27528.40439593452,15978.908155660587,50260.37653381912,27528.40439593452,27528.40439593452,5637.93159954177,5637.93159954177,5637.93159954177,5637.93159954177,5637.93159954177,5637.93159954177,0.0,0.0,0.0,33166.33599547629
2011-09-08,27706.346323256475,23009.67555052371,58192.064827677925,27706.346323256475,27706.346323256475,12761.52121451703,12761.52121451703,12761.52121451703,12761.52121451703,12761.52121451703,12761.52121451703,0.0,0.0,0.0,40467.867537773505
2011-09-09,27884.28825057844,16822.66830667165,49913.94797788794,27884.28825057844,27884.28825057844,3614.829644066987,3614.829644066987,3614.829644066987,3614.829644066987,3614.829644066987,3614.829644066987,0.0,0.0,0.0,31499.117894645427
2011-09-10,28062.23017790041,-13175.021627704886,21923.050515297422,28062.23017790041,28062.23017790041,-23536.70159791936,-23536.70159791936,-23536.70159791936,-23536.70159791936,-23536.70159791936,-23536.70159791936,0.0,0.0,0.0,4525.528579981048
2011-09-11,28240.172105222362,3448.5853957509507,36935.24018919494,28240.172105222362,28240.172105222362,-8790.833747556195,-8790.833747556195,-8790.833747556195,-8790.833747556195,-8790.833747556195,-8790.833747556195,0.0,0.0,0.0,19449.338357666165
2011-09-12,28418.11403254433,12050.573982911003,48483.18660334908,28418.11403254433,28418.11403254433,2042.2812985802825,2042.2812985802825,2042.2812985802825,2042.2812985802825,2042.2812985802825,2042.2812985802825,0.0,0.0,0.0,30460.39533112461
2011-09-13,28596.0559598663,18086.748189962917,54167.53538385638,28596.0559598663,28596.0559598663,8270.971588731703,8270.971588731703,8270.971588731703,8270.971588731703,8270.971588731703,8270.971588731703,0.0,0.0,0.0,36867.027548598
2011-09-14,28773.998463247714,16741.42718231996,51261.01833649496,28773.998463247714,28773.998463247714,5637.9315995102115,5637.9315995102115,5637.9315995102115,5637.9315995102115,5637.9315995102115,5637.9315995102115,0.0,0.0,0.0,34411.93006275792
2011-09-15,28951.940966629118,24098.174339289853,59156.69203865547,28951.940966629118,28951.940966629118,12761.521214539214,12761.521214539214,12761.521214539214,12761.521214539214,12761.521214539214,12761.521214539214,0.0,0.0,0.0,41713.46218116833
2011-09-16,29129.88347001052,13417.054864098665,51163.752374434385,29129.88347001052,29129.88347001052,3614.8296440542986,3614.8296440542986,3614.8296440542986,3614.8296440542986,3614.8296440542986,3614.8296440542986,0.0,0.0,0.0,32744.71311406482
2011-09-17,29307.825973391926,-14024.037762063503,22960.29340129888,29307.825973391926,29307.825973391926,-23536.70159792917,-23536.70159792917,-23536.70159792917,-23536.70159792917,-23536.70159792917,-23536.70159792917,0.0,0.0,0.0,5771.124375462758
2011-09-18,29485.76847677333,2760.0934745615723,37024.401349076725,29485.76847677333,29485.76847677333,-8790.833747541636,-8790.833747541636,-8790.833747541636,-8790.833747541636,-8790.833747541636,-8790.833747541636,0.0,0.0,0.0,20694.934729231696
2011-09-19,29663.710980154734,14308.949338502996,49813.01404316986,29663.710980154734,29663.710980154734,2042.281298583805,2042.281298583805,2042.281298583805,2042.281298583805,2042.281298583805,2042.281298583805,0.0,0.0,0.0,31705.99227873854
2011-09-20,29841.65348353615,19747.80318778343,55513.31387278087,29841.65348353615,29841.65348353615,8270.97158875579,8270.97158875579,8270.97158875579,8270.97158875579,8270.97158875579,8270.97158875579,0.0,0.0,0.0,38112.625072291936
2011-09-21,30019.59598691755,17707.429270322194,52975.587853380675,30019.59598691755,30019.59598691755,5637.931599522164,5637.931599522164,5637.931599522164,5637.931599522164,5637.931599522164,5637.931599522164,0.0,0.0,0.0,35657.52758643971
2011-09-22,30197.538490298954,25201.385226026377,59673.07847559674,30197.538490298954,30197.538490298954,12761.52121453348,12761.52121453348,12761.52121453348,12761.52121453348,12761.52121453348,12761.52121453348,0.0,0.0,0.0,42959.059704832434
2011-09-23,30375.480993680358,17337.4282974688,51495.89245715152,30375.480993680358,30375.480993680358,3614.829644019696,3614.829644019696,3614.829644019696,3614.829644019696,3614.829644019696,3614.829644019696,0.0,0.0,0.0,33990.31063770005
2011-09-24,30553.42349706176,-10047.700426397369,25024.661145328202,30553.42349706176,30553.42349706176,-23536.701597938976,-23536.701597938976,-23536.701597938976,-23536.701597938976,-23536.701597938976,-23536.701597938976,0.0,0.0,0.0,7016.7218991227855
2011-09-25,30731.366000443166,3989.6080150672747,38955.56625726468,30731.366000443166,30731.366000443166,-8790.833747567836,-8790.833747567836,-8790.833747567836,-8790.833747567836,-8790.833747567836,-8790.833747567836,0.0,0.0,0.0,21940.53225287533
2011-09-26,30909.30854789359,14972.731892861455,50359.13474945296,30909.30854789359,30909.30854789359,2042.2812985808207,2042.2812985808207,2042.2812985808207,2042.2812985808207,2042.2812985808207,2042.2812985808207,0.0,0.0,0.0,32951.58984647441
2011-09-27,31087.251095344003,22591.511496191553,58454.59479325031,31087.251095344003,31087.251095344003,8270.971588747003,8270.971588747003,8270.971588747003,8270.971588747003,8270.971588747003,8270.971588747003,0.0,0.0,0.0,39358.22268409101
2011-09-28,31265.193642794417,19163.36923117032,55758.57538980543,31265.193642794417,31265.193642794417,5637.931599519,5637.931599519,5637.931599519,5637.931599519,5637.931599519,5637.931599519,0.0,0.0,0.0,36903.125242313414
2011-09-29,31443.13619024483,27112.23184443114,61815.25144362415,31443.13619024483,31443.13619024483,12761.521214527751,12761.521214527751,12761.521214527751,12761.521214527751,12761.521214527751,12761.521214527751,0.0,0.0,0.0,44204.65740477258
2011-09-30,31621.078737695254,17219.793311632173,52961.532515517465,31621.078737695254,31621.078737695254,3614.829644077598,3614.829644077598,3614.829644077598,3614.829644077598,3614.829644077598,3614.829644077598,0.0,0.0,0.0,35235.90838177285
2011-10-01,31799.021285145667,-9636.397843612573,26807.82026090676,31799.021285145667,31799.021285145667,-23536.701597917458,-23536.701597917458,-23536.701597917458,-23536.701597917458,-23536.701597917458,-23536.701597917458,0.0,0.0,0.0,8262.31968722821
2011-10-02,31976.96383259608,3863.5747272479857,39948.32098348647,31976.96383259608,31976.96383259608,-8790.833747552208,-8790.833747552208,-8790.833747552208,-8790.833747552208,-8790.833747552208,-8790.833747552208,0.0,0.0,0.0,23186.13008504387
2011-10-03,32154.906380046494,15960.505500378833,52656.5999798559,32154.906380046494,32154.906380046494,2042.281298591328,2042.281298591328,2042.281298591328,2042.281298591328,2042.281298591328,2042.281298591328,0.0,0.0,0.0,34197.18767863782
2011-10-04,32332.848927496918,22645.559769013213,57876.01213453517,32332.848927496918,32332.848927496918,8270.971588761453,8270.971588761453,8270.971588761453,8270.971588761453,8270.971588761453,8270.971588761453,0.0,0.0,0.0,40603.82051625837
2011-10-05,32510.79147494733,20162.63490687087,56025.013562804095,32510.79147494733,32510.79147494733,5637.931599515833,5637.931599515833,5637.931599515833,5637.931599515833,5637.931599515833,5637.931599515833,0.0,0.0,0.0,38148.72307446317
2011-10-06,32688.73402239774,28457.571295158927,62977.324597901636,32688.73402239774,32688.73402239774,12761.521214520302,12761.521214520302,12761.521214520302,12761.521214520302,12761.521214520302,12761.521214520302,0.0,0.0,0.0,45450.25523691804
2011-10-07,32866.676569848154,19116.905278069582,53695.61669748533,32866.676569848154,32866.676569848154,3614.829644042996,3614.829644042996,3614.829644042996,3614.829644042996,3614.829644042996,3614.829644042996,0.0,0.0,0.0,36481.50621389115
2011-10-08,33044.61911729858,-8336.439134038457,27242.40379991297,33044.61911729858,33044.61911729858,-23536.701597927266,-23536.701597927266,-23536.701597927266,-23536.701597927266,-23536.701597927266,-23536.701597927266,0.0,0.0,0.0,9507.917519371313
2011-10-09,33222.561664748995,6666.016793389048,42242.2136585701,33222.561664748995,33222.561664748995,-8790.833747536588,-8790.833747536588,-8790.833747536588,-8790.833747536588,-8790.833747536588,-8790.833747536588,0.0,0.0,0.0,24431.727917212407
2011-10-10,33400.504212199405,18127.012383978323,53839.926128155144,33400.504212199405,33400.504212199405,2042.2812986018357,2042.2812986018357,2042.2812986018357,2042.2812986018357,2042.2812986018357,2042.2812986018357,0.0,0.0,0.0,35442.78551080124
2011-10-11,33578.44675964982,24316.719150513167,58870.15357059749,33578.44675964982,33578.44675964982,8270.97158873906,8270.97158873906,8270.97158873906,8270.97158873906,8270.97158873906,8270.97158873906,0.0,0.0,0.0,41849.41834838888
2011-10-12,33756.38930710024,21047.805450324046,56942.393657504384,33756.38930710024,33756.38930710024,5637.931599527786,5637.931599527786,5637.931599527786,5637.931599527786,5637.931599527786,5637.931599527786,0.0,0.0,0.0,39394.320906628025
2011-10-13,33934.331854550655,29213.31736517646,64720.76192249402,33934.331854550655,33934.331854550655,12761.521214542488,12761.521214542488,12761.521214542488,12761.521214542488,12761.521214542488,12761.521214542488,0.0,0.0,0.0,46695.853069093144
2011-10-14,34112.274402001065,19766.8733986875,54737.00243035343,34112.274402001065,34112.274402001065,3614.829644030308,3614.829644030308,3614.829644030308,3614.829644030308,3614.829644030308,3614.829644030308,0.0,0.0,0.0,37727.104046031374
2011-10-15,34290.21694945148,-6799.76880471994,29272.313296997014,34290.21694945148,34290.21694945148,-23536.701597917312,-23536.701597917312,-23536.701597917312,-23536.701597917312,-23536.701597917312,-23536.701597917312,0.0,0.0,0.0,10753.51535153417
2011-10-16,34468.15949690189,8699.077428094923,42769.480453794204,34468.15949690189,34468.15949690189,-8790.833747562787,-8790.833747562787,-8790.833747562787,-8790.833747562787,-8790.833747562787,-8790.833747562787,0.0,0.0,0.0,25677.325749339107
2011-10-17,34646.102044352316,19870.166311475157,53472.7942840913,34646.102044352316,34646.102044352316,2042.2812985918636,2042.2812985918636,2042.2812985918636,2042.2812985918636,2042.2812985918636,2042.2812985918636,0.0,0.0,0.0,36688.38334294418
2011-10-18,34824.04459180273,26005.715639597453,60709.31230637801,34824.04459180273,34824.04459180273,8270.971588753511,8270.971588753511,8270.971588753511,8270.971588753511,8270.971588753511,8270.971588753511,0.0,0.0,0.0,43095.016180556246
2011-10-19,35001.98713925314,24031.940542621105,58089.50079389245,35001.98713925314,35001.98713925314,5637.931599539741,5637.931599539741,5637.931599539741,5637.931599539741,5637.931599539741,5637.931599539741,0.0,0.0,0.0,40639.91873879288
2011-10-20,35179.92968670356,30902.83498482215,65984.51239861958,35179.92968670356,35179.92968670356,12761.521214564675,12761.521214564675,12761.521214564675,12761.521214564675,12761.521214564675,12761.521214564675,0.0,0.0,0.0,47941.45090126823
2011-10-21,35357.87223415398,21814.704007945053,57337.14326000982,35357.87223415398,35357.87223415398,3614.8296440176177,3614.8296440176177,3614.8296440176177,3614.8296440176177,3614.8296440176177,3614.8296440176177,0.0,0.0,0.0,38972.7018781716
2011-10-22,35535.81478160439,-4996.177755621827,29421.95512822659,35535.81478160439,35535.81478160439,-23536.701597918935,-23536.701597918935,-23536.701597918935,-23536.701597918935,-23536.701597918935,-23536.701597918935,0.0,0.0,0.0,11999.113183685458
2011-10-23,35713.75732905481,9559.772856406582,44125.08225453591,35713.75732905481,35713.75732905481,-8790.833747548226,-8790.833747548226,-8790.833747548226,-8790.833747548226,-8790.833747548226,-8790.833747548226,0.0,0.0,0.0,26922.923581506584
2011-10-24,35891.69987650522,19353.459869537888,56086.76903612536,35891.69987650522,35891.69987650522,2042.2812985888831,2042.2812985888831,2042.2812985888831,2042.2812985888831,2042.2812985888831,2042.2812985888831,0.0,0.0,0.0,37933.9811750941
2011-10-25,36069.64242395564,25662.224339308064,61964.47675401525,36069.64242395564,36069.64242395564,8270.971588731114,8270.971588731114,8270.971588731114,8270.971588731114,8270.971588731114,8270.971588731114,0.0,0.0,0.0,44340.614012686754
2011-10-26,36247.58497140606,25032.101681026164,60076.730322436175,36247.58497140606,36247.58497140606,5637.931599523304,5637.931599523304,5637.931599523304,5637.931599523304,5637.931599523304,5637.931599523304,0.0,0.0,0.0,41885.516570929365
2011-10-27,36425.52751885647,32196.252434298036,66764.54851898504,36425.52751885647,36425.52751885647,12761.521214557224,12761.521214557224,12761.521214557224,12761.521214557224,12761.521214557224,12761.521214557224,0.0,0.0,0.0,49187.04873341369
2011-10-28,36603.47006630688,24313.141456730886,57447.8737690481,36603.47006630688,36603.47006630688,3614.829644053607,3614.829644053607,3614.829644053607,3614.829644053607,3614.829644053607,3614.829644053607,0.0,0.0,0.0,40218.29971036049
2011-10-29,36781.412613757304,-4315.605650557527,29287.13308538695,36781.412613757304,36781.412613757304,-23536.701597917174,-23536.701597917174,-23536.701597917174,-23536.701597917174,-23536.701597917174,-23536.701597917174,0.0,0.0,0.0,13244.71101584013
2011-10-30,36959.35516120772,10945.696442624956,45226.24688407167,36959.35516120772,36959.35516120772,-8790.833747533668,-8790.833747533668,-8790.833747533668,-8790.833747533668,-8790.833747533668,-8790.833747533668,0.0,0.0,0.0,28168.521413674054
2011-10-31,37137.29770865813,20878.54433517892,56102.29939178556,37137.29770865813,37137.29770865813,2042.281298585898,2042.281298585898,2042.281298585898,2042.281298585898,2042.281298585898,2042.281298585898,0.0,0.0,0.0,39179.57900724403
2011-11-01,37315.24025610855,26846.689016790777,61572.65843810488,37315.24025610855,37315.24025610855,8270.971588755201,8270.971588755201,8270.971588755201,8270.971588755201,8270.971588755201,8270.971588755201,0.0,0.0,0.0,45586.21184486375
2011-11-02,37493.18280355897,25503.281225081948,61148.57894645931,37493.18280355897,37493.18280355897,5637.931599548527,5637.931599548527,5637.931599548527,5637.931599548527,5637.931599548527,5637.931599548527,0.0,0.0,0.0,43131.114403107495
2011-11-03,37671.12535100938,31731.762954940637,68674.81478328422,37671.12535100938,37671.12535100938,12761.521214551492,12761.521214551492,12761.521214551492,12761.521214551492,12761.521214551492,12761.521214551492,0.0,0.0,0.0,50432.64656556088
2011-11-04,37849.0678984598,25961.489863604496,58965.164559421435,37849.0678984598,37849.0678984598,3614.829644019006,3614.829644019006,3614.829644019006,3614.829644019006,3614.829644019006,3614.829644019006,0.0,0.0,0.0,41463.89754247881
2011-11-05,38027.01044591021,-3995.802023025188,32019.94551112069,38027.01044591021,38027.01044591021,-23536.70159792698,-23536.70159792698,-23536.70159792698,-23536.70159792698,-23536.70159792698,-23536.70159792698,0.0,0.0,0.0,14490.308847983226
2011-11-06,38204.95299336063,11120.652201455283,46713.41941002823,38204.95299336063,38204.95299336063,-8790.833747518045,-8790.833747518045,-8790.833747518045,-8790.833747518045,-8790.833747518045,-8790.833747518045,0.0,0.0,0.0,29414.119245842587
2011-11-07,38382.89554081105,22494.432681229868,58390.509586943226,38382.89554081105,38382.89554081105,2042.2812985759288,2042.2812985759288,2042.2812985759288,2042.2812985759288,2042.2812985759288,2042.2812985759288,0.0,0.0,0.0,40425.17683938698
2011-11-08,38560.83808826145,29073.256356453883,64760.86938197921,38560.83808826145,38560.83808826145,8270.971588746414,8270.971588746414,8270.971588746414,8270.971588746414,8270.971588746414,8270.971588746414,0.0,0.0,0.0,46831.80967700786
2011-11-09,38738.780635711875,25343.49808547562,61828.14890405138,38738.780635711875,38738.780635711875,5637.931599532091,5637.931599532091,5637.931599532091,5637.931599532091,5637.931599532091,5637.931599532091,0.0,0.0,0.0,44376.71223524397
2011-11-10,38916.723183162285,35267.99458732223,69032.18024153016,38916.723183162285,38916.723183162285,12761.521214545759,12761.521214545759,12761.521214545759,12761.521214545759,12761.521214545759,12761.521214545759,0.0,0.0,0.0,51678.24439770804
2011-11-11,39094.6657306127,26018.987881645702,58852.98725762876,39094.6657306127,39094.6657306127,3614.8296440769072,3614.8296440769072,3614.8296440769072,3614.8296440769072,3614.8296440769072,3614.8296440769072,0.0,0.0,0.0,42709.495374689606
2011-11-12,39272.60827806311,-2381.7538478640568,33443.404172184404,39272.60827806311,39272.60827806311,-23536.70159790547,-23536.70159790547,-23536.70159790547,-23536.70159790547,-23536.70159790547,-23536.70159790547,0.0,0.0,0.0,15735.906680157641
2011-11-13,39450.550825513536,11430.530919039125,47751.60790597778,39450.550825513536,39450.550825513536,-8790.833747545314,-8790.833747545314,-8790.833747545314,-8790.833747545314,-8790.833747545314,-8790.833747545314,0.0,0.0,0.0,30659.71707796822
2011-11-14,39628.493372963945,23815.816618218774,59659.07774021075,39628.493372963945,39628.493372963945,2042.2812985864366,2042.2812985864366,2042.2812985864366,2042.2812985864366,2042.2812985864366,2042.2812985864366,0.0,0.0,0.0,41670.77467155038
2011-11-15,39806.43592041436,31440.96310144363,66513.79021896371,39806.43592041436,39806.43592041436,8270.971588737622,8270.971588737622,8270.971588737622,8270.971588737622,8270.971588737622,8270.971588737622,0.0,0.0,0.0,48077.407509151984
2011-11-16,39984.37846786477,28771.463401491495,63220.69360925469,39984.37846786477,39984.37846786477,5637.931599544045,5637.931599544045,5637.931599544045,5637.931599544045,5637.931599544045,5637.931599544045,0.0,0.0,0.0,45622.31006740882
2011-11-17,40162.321015315196,35542.25421922752,70834.85960765922,40162.321015315196,40162.321015315196,12761.521214567949,12761.521214567949,12761.521214567949,12761.521214567949,12761.521214567949,12761.521214567949,0.0,0.0,0.0,52923.84222988314
2011-11-18,40340.26356276561,26899.077260686543,60641.60944738986,40340.26356276561,40340.26356276561,3614.8296440909844,3614.8296440909844,3614.8296440909844,3614.8296440909844,3614.8296440909844,3614.8296440909844,0.0,0.0,0.0,43955.093206856596
2011-11-19,40518.20611021602,-658.7276413565579,34404.14036669249,40518.20611021602,40518.20611021602,-23536.70159791528,-23536.70159791528,-23536.70159791528,-23536.70159791528,-23536.70159791528,-23536.70159791528,0.0,0.0,0.0,16981.504512300744
2011-11-20,40696.14865766644,14377.808104162723,50008.20877572918,40696.14865766644,40696.14865766644,-8790.833747529685,-8790.833747529685,-8790.833747529685,-8790.833747529685,-8790.833747529685,-8790.833747529685,0.0,0.0,0.0,31905.314910136753
2011-11-21,40874.09120511686,26637.642259030257,60485.86309579193,40874.09120511686,40874.09120511686,2042.2812985969424,2042.2812985969424,2042.2812985969424,2042.2812985969424,2042.2812985969424,2042.2812985969424,0.0,0.0,0.0,42916.37250371381
2011-11-22,41052.03375256727,31168.09217004824,66688.95760738163,41052.03375256727,41052.03375256727,8270.97158872883,8270.97158872883,8270.97158872883,8270.97158872883,8270.97158872883,8270.97158872883,0.0,0.0,0.0,49323.0053412961
2011-11-23,41229.97630001769,28453.800490693797,63889.73868444174,41229.97630001769,41229.97630001769,5637.931599512488,5637.931599512488,5637.931599512488,5637.931599512488,5637.931599512488,5637.931599512488,0.0,0.0,0.0,46867.907899530175
2011-11-24,41407.9188474681,36321.433458335916,71908.71913638164,41407.9188474681,41407.9188474681,12761.52121453258,12761.52121453258,12761.52121453258,12761.52121453258,12761.52121453258,12761.52121453258,0.0,0.0,0.0,54169.44006200068
2011-11-25,41585.861394918524,26631.526518020724,63204.40333443529,41585.861394918524,41585.861394918524,3614.8296441002067,3614.8296441002067,3614.8296441002067,3614.8296441002067,3614.8296441002067,3614.8296441002067,0.0,0.0,0.0,45200.69103901873
2011-11-26,41763.80394236893,285.310382125214,34949.956606632724,41763.80394236893,41763.80394236893,-23536.701597925086,-23536.701597925086,-23536.701597925086,-23536.701597925086,-23536.701597925086,-23536.701597925086,0.0,0.0,0.0,18227.102344443847
2011-11-27,41941.74648981935,15578.308362907632,50948.13544513477,41941.74648981935,41941.74648981935,-8790.83374751513,-8790.83374751513,-8790.83374751513,-8790.83374751513,-8790.83374751513,-8790.83374751513,0.0,0.0,0.0,33150.91274230422
2011-11-28,42119.68903726976,26962.284704283007,61778.21271703989,42119.68903726976,42119.68903726976,2042.281298566496,2042.281298566496,2042.281298566496,2042.281298566496,2042.281298566496,2042.281298566496,0.0,0.0,0.0,44161.97033583625
2011-11-29,42297.631584720184,32750.131140878148,68841.52454821365,42297.631584720184,42297.631584720184,8270.97158875292,8270.97158875292,8270.97158875292,8270.97158875292,8270.97158875292,8270.97158875292,0.0,0.0,0.0,50568.60317347311
2011-11-30,42475.5741321706,30926.397564226736,66052.46029533804,42475.5741321706,42475.5741321706,5637.93159952444,5637.93159952444,5637.93159952444,5637.93159952444,5637.93159952444,5637.93159952444,0.0,0.0,0.0,48113.50573169504
2011-12-01,42653.51667962101,37877.24876196879,73064.1058943014,42653.51667962101,42653.51667962101,12761.521214554767,12761.521214554767,12761.521214554767,12761.521214554767,12761.521214554767,12761.521214554767,0.0,0.0,0.0,55415.03789417578
2011-12-02,42831.45922707143,27861.767669619177,64600.987959059516,42831.45922707143,42831.45922707143,3614.8296440656063,3614.8296440656063,3614.8296440656063,3614.8296440656063,3614.8296440656063,3614.8296440656063,0.0,0.0,0.0,46446.28887113703
2011-12-03,43009.40177452185,3221.1329420622983,36841.813074623875,43009.40177452185,43009.40177452185,-23536.701597934894,-23536.701597934894,-23536.701597934894,-23536.701597934894,-23536.701597934894,-23536.701597934894,0.0,0.0,0.0,19472.700176586957
2011-12-04,43187.34432197226,16405.84463770351,52144.869387052924,43187.34432197226,43187.34432197226,-8790.833747540264,-8790.833747540264,-8790.833747540264,-8790.833747540264,-8790.833747540264,-8790.833747540264,0.0,0.0,0.0,34396.510574431995
2011-12-05,43365.28686942268,27313.900126954428,63324.350397397444,43365.28686942268,43365.28686942268,2042.2812985770033,2042.2812985770033,2042.2812985770033,2042.2812985770033,2042.2812985770033,2042.2812985770033,0.0,0.0,0.0,45407.56816799968
2011-12-06,43543.22941687309,34359.49643481994,70743.01624821416,43543.22941687309,43543.22941687309,8270.971588720888,8270.971588720888,8270.971588720888,8270.971588720888,8270.971588720888,8270.971588720888,0.0,0.0,0.0,51814.201005593975
2011-12-07,43721.17196432351,32297.224449227313,67677.92999658576,43721.17196432351,43721.17196432351,5637.931599536396,5637.931599536396,5637.931599536396,5637.931599536396,5637.931599536396,5637.931599536396,0.0,0.0,0.0,49359.103563859906
2011-12-08,43899.11451177392,39830.98439257965,72882.87548118008,43899.11451177392,43899.11451177392,12761.521214519404,12761.521214519404,12761.521214519404,12761.521214519404,12761.521214519404,12761.521214519404,0.0,0.0,0.0,56660.63572629332
2011-12-09,44077.05705922434,30876.081458221986,65826.93579830721,44077.05705922434,44077.05705922434,3614.829644079682,3614.829644079682,3614.829644079682,3614.829644079682,3614.829644079682,3614.829644079682,0.0,0.0,0.0,47691.88670330402
2011-12-10,44254.99960667475,3741.218437875036,37940.02562408046,44254.99960667475,44254.99960667475,-23536.701597913376,-23536.701597913376,-23536.701597913376,-23536.701597913376,-23536.701597913376,-23536.701597913376,0.0,0.0,0.0,20718.298008761372
2011-12-11,44432.942154125165,18970.961343907187,53630.830089576026,44432.942154125165,44432.942154125165,-8790.833747525701,-8790.833747525701,-8790.833747525701,-8790.833747525701,-8790.833747525701,-8790.833747525701,0.0,0.0,0.0,35642.108406599466
2011-12-12,44610.88470157559,28638.369148083664,64215.272377620226,44610.88470157559,44610.88470157559,2042.2812985740184,2042.2812985740184,2042.2812985740184,2042.2812985740184,2042.2812985740184,2042.2812985740184,0.0,0.0,0.0,46653.166000149606
2011-12-13,44788.827249026,35217.16009516914,70776.16907132725,44787.88324483785,44790.36372141296,8270.971588735338,8270.971588735338,8270.971588735338,8270.971588735338,8270.971588735338,8270.971588735338,0.0,0.0,0.0,53059.79883776134
2011-12-14,44966.769796476416,33543.15595332661,69006.33546281951,44964.50466196274,44970.97656654032,5637.931599548348,5637.931599548348,5637.931599548348,5637.931599548348,5637.931599548348,5637.931599548348,0.0,0.0,0.0,50604.701396024764
2011-12-15,45144.712343926825,40178.41005477213,75208.11421702734,45139.6809783255,45153.382745795876,12761.521214539871,12761.521214539871,12761.521214539871,12761.521214539871,12761.521214539871,12761.521214539871,0.0,0.0,0.0,57906.233558466694
2011-12-16,45322.65489137725,31666.405018528774,67282.81070144147,45313.13901519667,45336.203516502406,3614.8296440669933,3614.8296440669933,3614.8296440669933,3614.8296440669933,3614.8296440669933,3614.8296440669933,0.0,0.0,0.0,48937.484535444244
2011-12-17,45500.597438827666,5008.8791127245895,37927.98423385031,45485.866787447296,45519.54884370652,-23536.70159793475,-23536.70159793475,-23536.70159793475,-23536.70159793475,-23536.70159793475,-23536.70159793475,0.0,0.0,0.0,21963.895840892917
2011-12-18,45678.539986278076,18931.178645220105,54589.27260433366,45657.988020692,45703.417734064424,-8790.83374751115,-8790.83374751115,-8790.83374751115,-8790.83374751115,-8790.83374751115,-8790.83374751115,0.0,0.0,0.0,36887.70623876693
2011-12-19,45856.48253372849,30215.85410932139,65224.454237778766,45828.066028663314,45887.76124512977,2042.2812985980177,2042.2812985980177,2042.2812985980177,2042.2812985980177,2042.2812985980177,2042.2812985980177,0.0,0.0,0.0,47898.76383232651
2011-12-20,46034.42508117892,36427.608309614254,71812.33214811602,46000.50573238518,46074.62538934478,8270.971588759428,8270.971588759428,8270.971588759428,8270.971588759428,8270.971588759428,8270.971588759428,0.0,0.0,0.0,54305.396669938345
2011-12-21,46212.36762862933,34668.89618835794,70946.65981200732,46170.710700569274,46259.43604636091,5637.93159951679,5637.93159951679,5637.93159951679,5637.93159951679,5637.93159951679,5637.93159951679,0.0,0.0,0.0,51850.29922814612
2011-12-22,46390.31017607974,42398.07669489281,77468.5004129247,46337.112825178265,46445.32609763989,12761.521214534137,12761.521214534137,12761.521214534137,12761.521214534137,12761.521214534137,12761.521214534137,0.0,0.0,0.0,59151.83139061388
2011-12-23,46568.25272353015,32500.087488520006,67281.94390610758,46507.58042247764,46633.79114567715,3614.829644032391,3614.829644032391,3614.829644032391,3614.829644032391,3614.829644032391,3614.829644032391,0.0,0.0,0.0,50183.08236756254
2011-12-24,46746.19527098058,6132.544707667996,40830.22529232409,46676.36970543771,46820.87742809981,-23536.701597932988,-23536.701597932988,-23536.701597932988,-23536.701597932988,-23536.701597932988,-23536.701597932988,0.0,0.0,0.0,23209.49367304759
2011-12-25,46924.13781843099,21329.582013828232,55980.58749598655,46844.94734018038,47009.037177948754,-8790.833747579165,-8790.833747579165,-8790.833747579165,-8790.833747579165,-8790.833747579165,-8790.833747579165,0.0,0.0,0.0,38133.304070851824
2011-12-26,47102.080365881404,31803.75461616854,65681.78557159739,47013.76533636425,47196.81807200358,2042.281298574558,2042.281298574558,2042.281298574558,2042.281298574558,2042.281298574558,2042.281298574558,0.0,0.0,0.0,49144.36166445596
2011-12-27,47280.02291333181,38207.67159797218,72780.08050576929,47183.60343752047,47383.20823064238,8270.971588750637,8270.971588750637,8270.971588750637,8270.971588750637,8270.971588750637,8270.971588750637,0.0,0.0,0.0,55550.99450208245
2011-12-28,47457.96546078224,35673.590834924544,71015.74759917484,47351.454627535684,47571.58093994582,5637.931599557135,5637.931599557135,5637.931599557135,5637.931599557135,5637.931599557135,5637.931599557135,0.0,0.0,0.0,53095.897060339375
2011-12-29,47635.908008232655,42563.48570185594,78772.64704591336,47518.86411451068,47759.81961797491,12761.521214528408,12761.521214528408,12761.521214528408,12761.521214528408,12761.521214528408,12761.521214528408,0.0,0.0,0.0,60397.429222761064
2011-12-30,47813.850555683064,34880.88127487784,69783.4886653714,47688.76453559891,47947.55805165403,3614.8296440416157,3614.8296440416157,3614.8296440416157,3614.8296440416157,3614.8296440416157,3614.8296440416157,0.0,0.0,0.0,51428.68019972468
2011-12-31,47991.79310313348,7646.1285261820285,42115.44941885671,47856.467682487884,48139.20851372176,-23536.70159791147,-23536.70159791147,-23536.70159791147,-23536.70159791147,-23536.70159791147,-23536.70159791147,0.0,0.0,0.0,24455.09150522201
2012-01-01,48169.735650583905,20926.95725458999,56542.88345884581,48026.47538883793,48330.72329241742,-8790.833747563545,-8790.833747563545,-8790.833747563545,-8790.833747563545,-8790.833747563545,-8790.833747563545,0.0,0.0,0.0,39378.90190302036
2012-01-02,48347.678198034315,32219.689866911256,67381.81782961354,48189.499684694776,48520.99579938766,2042.2812985850646,2042.2812985850646,2042.2812985850646,2042.2812985850646,2042.2812985850646,2042.2812985850646,0.0,0.0,0.0,50389.959496619376
2012-01-03,48525.62074548473,40046.86362411915,75016.67020646711,48353.1438438406,48711.32083936398,8270.97158876509,8270.97158876509,8270.97158876509,8270.97158876509,8270.97158876509,8270.97158876509,0.0,0.0,0.0,56796.59233424982
2012-01-04,48703.56329293514,36487.04818060881,71475.62739856247,48520.15115121858,48899.83879134707,5637.9315995407005,5637.9315995407005,5637.9315995407005,5637.9315995407005,5637.9315995407005,5637.9315995407005,0.0,0.0,0.0,54341.49489247584
2012-01-05,48881.505840385566,43430.247563158766,79634.94701986898,48685.70437045523,49091.38141609802,12761.521214520959,12761.521214520959,12761.521214520959,12761.521214520959,12761.521214520959,12761.521214520959,0.0,0.0,0.0,61643.027054906524
2012-01-06,49059.448387835975,37025.42956326994,69391.58186896596,48853.65559065652,49280.65274234924,3614.829644055691,3614.829644055691,3614.829644055691,3614.829644055691,3614.829644055691,3614.829644055691,0.0,0.0,0.0,52674.27803189166
2012-01-07,49237.39093528639,7566.347359405687,42722.576678190366,49018.66511025342,49471.483508689395,-23536.701597921277,-23536.701597921277,-23536.701597921277,-23536.701597921277,-23536.701597921277,-23536.701597921277,0.0,0.0,0.0,25700.689337365115
2012-01-08,49415.3334827368,22689.932037275452,57302.26057535392,49187.52376085153,49664.70065382244,-8790.833747548984,-8790.833747548984,-8790.833747548984,-8790.833747548984,-8790.833747548984,-8790.833747548984,0.0,0.0,0.0,40624.49973518782
