InvoiceDay,actual_revenue,units_sold,prophet_like_forecast,lstm_like_forecast,hybrid_forecast,arima_forecast,sarima_forecast,absolute_error,ape,mape
2010-12-01,46192.49,24114,,,46192.49,0.0,0.0,0.0,0.0,
2010-12-02,47197.57,31077,46192.49,46192.49,46192.490000000005,25797.936539980605,24867.236140626883,1005.0799999999945,0.021295164136628103,
2010-12-03,23876.63,11798,46695.03,46283.8609090909,46510.00390909091,31262.184117640783,32250.102713531796,22633.37390909091,0.9479300013901003,
2010-12-05,31361.28,16241,39088.89666666667,44246.83991735536,41409.97112947659,26320.4459331125,28554.529491974587,10048.691129476589,0.32041712358285723,
2010-12-06,31009.33,16115,37156.9925,43075.42537941396,39820.287295736285,30833.175579879873,29652.66843703977,8810.957295736283,0.28413891224790355,
2010-12-07,53730.96,19404,35927.46,41978.50761764905,38650.43142794208,21177.247219081793,29882.030213901904,15080.52857205792,0.2806673949629398,
2010-12-08,39094.2,21497,38894.71,43046.91237968095,40763.201070856434,41646.36626061751,35406.4003334415,1669.0010708564369,0.04269178217885101,0.27102005407132573
2010-12-09,38193.91,17383,38923.208571428564,42687.57489061904,40617.17341506429,39977.920942585464,35002.86824342032,2423.2634150642843,0.06344632992705602,0.245073338553292
2010-12-10,33488.38,15927,38832.04625,42279.05990056277,40383.20239275324,32278.859276019073,35413.10746269528,6894.822392753245,0.2058870089491712,0.24071930193061192
2010-12-12,17102.35,10533,38238.305555555555,41479.907182329785,39697.02628760396,36598.801146155325,34898.102908040986,22594.676287603965,1.3211445378912234,0.34876182552667306
2010-12-13,27578.34,15309,36124.71,39263.765620299804,37537.28502913492,32248.78173980226,32377.366300683876,9958.945029134917,0.3611147382016074,0.34988481758803075
2010-12-14,29235.13,17707,35347.76727272727,38201.45420027255,36631.92639012265,41128.72905267991,46792.855719226034,7396.79639012265,0.2530105523773163,0.34181196215380455
2010-12-15,30251.47,18388,34838.380833333336,37386.333818429586,35984.95967662665,33293.60316051527,65021.4467348531,5733.4896766266465,0.18952763871066913,0.3300977834274095
2010-12-16,48791.87,29711,34485.54153846153,36737.70983493599,35499.01727187504,31285.333603303672,57173.86846884238,13292.852728124963,0.27243991115989125,0.32597936397972965
2010-12-17,19966.36,11395,35507.42214285714,37833.54257721454,36554.17633831797,33602.95040195179,45123.61058672545,16587.81633831797,0.8307882026727942,0.3596332865592673
2010-12-19,7292.95,3674,33634.12714285714,36209.253252013215,34792.93389197737,23431.138306268895,43780.74476046757,27499.983891977372,3.770762708091701,0.5728288754050443
2010-12-20,19599.06,13419,30783.79714285714,33580.4984109211,32042.312713485924,26192.81830973504,37113.95840400372,12443.252713485923,0.634890281140316,0.5764795463306486
2010-12-21,15929.16,11062,30478.256428571425,32309.45855538282,31302.297385636557,28586.043112225856,46987.58580545614,15373.137385636557,0.9650940404664501,0.5980692404493042
2010-12-22,4886.52,3074,29375.962142857144,30820.34050489347,30025.932405773492,24179.577525144538,34387.905500400986,25139.41240577349,5.144645352065169,0.8373627200080339
2010-12-23,5644.77,3220,27510.047142857144,28462.720458994063,27938.75013511876,26774.562221492684,29825.740576666263,22293.98013511876,3.9494930945138167,0.9929692387333231
2011-01-04,12105.11,6950,24075.319285714282,26388.361326358237,25116.188204004062,15080.815075784098,24410.648537543097,13011.078204004061,1.0748417985465692,0.9968679320577634
2011-01-05,28799.43,18369,22147.527142857147,25089.883933052944,23471.587698445255,10166.957260475494,15102.92949337522,5327.842301554745,0.1849981857819667,0.9599647617725
2011-01-06,34343.79,21534,21476.492857142857,25427.115393684497,23254.272998586595,16769.379402817198,23627.552971180605,11089.517001413406,0.3228972982135462,0.9322661764003715
2011-01-07,23797.79,15122,21537.59357142857,26237.722176076815,23652.65144352028,17168.776529148272,25652.18987156316,145.13855647972014,0.006098824995082322,0.8936758700918177
2011-01-09,15590.68,8125,22015.839285714286,26015.91016006983,23815.871179174283,13778.272777755286,47885.2722319685,8225.191179174282,0.5275710346934375,0.8790316766758824
2011-01-10,15330.83,9380,21159.577857142856,25068.161963699844,22918.440705093504,15810.270049305138,51871.80645693508,7587.610705093504,0.49492497830146864,0.8642583421230204
2011-01-11,60243.73,26072,20166.41357142857,24182.94996699986,21973.854949435652,19010.544157847773,20857.40451014367,38269.875050564355,0.6352507563951361,0.8557765796886544
2011-01-12,17124.74,7883,22308.71785714286,27461.202697272598,24627.336035201242,32206.71984089371,27405.606026834736,7502.596035201241,0.43811444934061716,0.8408600750333673
2011-01-13,15159.460000000001,8309,20046.780000000002,26521.524270247814,22960.41492161152,26533.08535653331,29588.14752756438,7800.954921611517,0.5145931927398151,0.8296094928853137
2011-01-14,39509.7,21098,19703.43,25488.60933658892,22306.760701465013,23751.47437631876,36797.19547787239,17202.939298534984,0.43541052699805327,0.8164695273557385
2011-01-16,6976.39,4086,22004.62642857143,26763.253942353564,24146.008809773393,27579.477469757963,25282.135967651167,17169.618809773394,2.461103638095547,0.8985063152922568
2011-01-17,16527.05,8692,21103.007142857146,24964.448129412332,22840.65558680698,18506.49144383251,21851.72884104844,6313.605586806982,0.38201648732272137,0.9105303593984597
2011-01-18,87559.21,80605,21145.713571428576,24197.411935829394,22518.977835408943,36503.57667247311,22837.92110315163,65040.23216459106,0.7428142872073773,0.9036931689257023
2011-01-19,21586.78,15869,27050.905714285716,29957.575396208536,28358.907071150985,32849.92769386315,35076.61426247677,6772.127071150986,0.31371640750269314,0.9034698117230302
2011-01-20,15197.08,8171,28189.620714285713,29196.593996553216,28642.75869130609,20641.49298894713,37133.06585507036,13445.678691306091,0.8847540903453882,0.9234903176596131
2011-01-21,24276.01,12694,28410.475714285716,27923.91090595747,28191.521550538007,33029.83716815472,29221.30398471752,3915.511550538009,0.16129139634305675,0.9195111177056171
2011-01-23,10306.1,5200,28087.374285714286,27592.283550870427,27864.583455034553,26181.1254606685,25931.105286355763,17558.483455034555,1.7036981452765405,0.97487799647554
2011-01-24,17601.87,9587,26370.39642857143,26020.812318973116,26213.08357925219,21558.600570132494,32542.529686891623,8611.213579252191,0.4892215190347498,0.9890705027791298
2011-01-25,23994.38,14443,25927.830714285716,25255.453926339193,25625.261159709782,46930.11469197352,39230.85029775127,1630.881159709781,0.06796929779847535,0.9844732457407732
2011-01-26,17424.45,10418,26528.095,25140.81084212654,25903.817128956944,20608.265992731944,9335.825687482124,8479.367128956943,0.4866361422573994,0.9566562992196457
2011-01-27,22050.49,10902,26677.639285714286,24439.323492842308,25670.3971789219,16176.627244639178,16755.50483853088,3619.907178921898,0.16416447792869446,0.950091290543882
2011-01-28,17247.2,9164,23949.550714285717,24222.156811674824,24072.223458110813,21369.078036945306,27809.63982534274,6825.0234581108125,0.39571776625254024,0.9548481976730562
2011-01-30,6542.61,3383,23958.29785714286,23588.069828795295,23791.695244386457,15761.554182003503,3710.091455719372,17249.085244386457,2.6364226576834717,1.0364113649721496
2011-01-31,18806.43,12417,23342.808571428573,22038.482571632085,22755.861871520152,16403.862860443325,9975.207373354795,3949.4318715201516,0.210004337427154,1.0343301791810584
2011-02-01,26358.7,14995,21864.00357142857,21744.65961057462,21810.298789044296,20601.94433638201,50534.98854163672,4548.401210955704,0.17255787314836105,1.0123891681969106
2011-02-02,17091.15,8908,23248.454285714284,22164.11782779511,22760.50287965066,18318.992905478804,20648.175087245123,5669.352879650658,0.33171277998558657,0.8977541705933734
2011-02-03,22171.9,15427,23288.747142857144,21702.93893435919,22575.133449033066,18088.650005232492,20821.022957494686,403.23344903306497,0.0181866889636461,0.8771973841874843
2011-02-04,18087.96,11254,18618.225,21745.571758508355,20025.53104132876,18632.459598622496,20719.582142105333,1937.5710413287597,0.10711937893099939,0.8485982288029693
2011-02-06,3439.67,2036,18368.309285714287,21413.06159864396,19738.44782653264,14801.451128428414,9076.491193527181,16298.77782653264,4.738471372699311,0.8350590961574408
2011-02-07,23382.97,8567,17528.494285714285,19779.116907858144,18541.274465679024,16490.451658478218,11778.501644212858,4841.6955343209775,0.20706075978889668,0.71031135166661
2011-02-08,14153.34,8664,17464.705714285716,20106.739916234674,18653.621105162747,22376.733240533667,39589.391574509864,4500.281105162747,0.3179660140406962,0.6850821588497475
2011-02-09,11910.83,6144,17739.50857142857,19565.521742031524,18561.2144981999,15923.74214219541,9826.517392875923,6650.384498199901,0.5583476968607478,0.6975271425523737
2011-02-10,14155.36,11767,17333.005714285715,18869.64067457411,18024.491446415494,16576.077746650462,12918.544608370335,3869.131446415493,0.2733333130641321,0.6958750097140599
2011-02-11,18579.96,9575,16630.21857142857,18441.069704158283,17445.10158115694,16421.565550921943,22722.295650765933,1134.8584188430577,0.061079701939243024,0.6977077056121986
2011-02-13,5645.48,2723,16712.755,18453.69609468935,17496.178492610212,10958.333166418699,423.0188194571165,11850.698492610212,2.099148078216593,0.7500936070629705
2011-02-14,22999.39,12339,15540.968571428572,17289.312813353954,16327.723480294993,16243.115201533052,12494.17355331371,6671.666519705006,0.2900801508085652,0.7432654461465403
2011-02-15,37750.62,22082,15951.839285714286,17808.410739412684,16787.296439878566,15701.753104903644,53017.81121257885,20963.323560121436,0.5553107090723658,0.7406007779024478
2011-02-16,23413.97,15729,18180.98285714286,19621.33885401153,18829.143055733763,17946.63286856246,12417.462581784952,4584.826944266239,0.19581587164697992,0.7325241586459934
2011-02-17,17659.64,12747,18510.09285714286,19966.123503646846,19165.306648069654,16982.10904799729,14575.574886557119,1505.666648069655,0.0852603251294848,0.7182130630589824
2011-02-18,14438.73,8610,17888.731428571427,19756.443185133496,18729.201719024357,20506.7689183989,16995.098307536347,4290.471719024357,0.29715021466738123,0.7136043859812933
2011-02-20,9437.8,5218,17699.272857142856,19273.014713757722,18407.456692619548,16362.993565666111,2023.0087025160592,8969.656692619548,0.9503969879229851,0.6632474976422079
2011-02-21,32724.38,20376,16789.69428571429,18378.904285234294,17504.838785498294,20557.08127097299,17155.17936826771,15219.541214501707,0.46508264524802934,0.6660163695730515
2011-02-22,29116.63,20921,17835.152857142857,19683.038441122088,18666.70136993351,28508.03365507115,18009.869454022268,10449.92863006649,0.35889897388765424,0.6532191924623941
2011-02-23,19315.97,12139,19669.221428571433,20540.637673747355,20061.3587389006,21576.815839640803,14716.163674497637,745.3887389005977,0.03858924707900238,0.6440482871149377
2011-02-24,21463.94,11558,19378.721428571433,20429.30424886123,19851.483697701842,18592.11874696215,18285.1393675456,1612.4563022981565,0.0751239661636287,0.6170606163088791
2011-02-25,18377.14,10038,19900.907142857144,20523.3620444193,20181.011848560116,20239.564902345184,18414.549126101563,1803.8718485601166,0.09815846473173283,0.6149561852551683
2011-02-27,9382.71,4823,20362.786428571428,20328.25094947209,20347.245462976727,17719.53656294338,6381.502469488591,10964.535462976728,1.1685894014604234,0.5971192271279643
2011-02-28,15026.68,8387,20021.882857142857,19333.201772247354,19711.976368939882,23904.95917441498,21740.325001350488,4685.296368939882,0.3117985056539357,0.5912051266819371
2011-03-01,23621.59,11566,19768.077142857142,18941.69979295214,19396.207335399893,22325.058697303037,31577.186191613902,4225.382664600107,0.17887799528313322,0.5949020832647591
2011-03-02,18666.14,8608,21052.085,19367.14435722922,20293.861710753146,18843.34606757587,18693.42713266916,1627.721710753147,0.0872018376993394,0.581587606446157
2011-03-03,32818.19,19119,20742.567142857144,19303.4166883902,20094.94943834702,18144.855629297537,18750.914387434903,12723.240561652983,0.38768867392299766,0.5890384129793006
2011-03-04,17302.55,12930,20390.250714285714,20532.032443991087,20454.052492653133,20482.99133798451,17629.438296044544,3151.5024926531332,0.18214092677975982,0.5819191849968745
2011-03-06,9951.67,5026,19953.720714285715,20238.44313090099,20081.84580176259,15826.503389276739,7031.62838110938,10130.175801762589,1.0179372710070358,0.52796967210766
2011-03-07,20247.85,11088,19403.15142857143,19303.281937182717,19358.21015744651,17312.860946810557,29149.742689973347,889.6398425534899,0.04393749669982195,0.5224341107500823
2011-03-08,22184.11,13811,19818.088571428572,19389.151761075194,19625.067006769554,22761.116618023945,21022.259422657546,2559.042993230447,0.1153547739003479,0.5205273407751485
2011-03-09,20320.23,11457,20728.53928571429,19643.238873704722,20240.154100309985,19271.90776587191,15641.56120005772,80.07589969001492,0.003940698490618213,0.5096016047253162
2011-03-10,24429.77,15222,19842.528571428575,19704.783521549747,19780.543298983102,23682.277894847677,18634.80409803839,4649.226701016898,0.19030988425256962,0.5153390445682804
2011-03-11,20894.75,9249,19507.75285714286,20134.327746863404,19789.711557517105,19282.297407997634,20029.64221773509,1105.0384424828953,0.05288593749544241,0.5135312631870952
2011-03-13,4117.22,2733,19620.522857142856,20203.457042603095,19882.843240599963,16628.784687515945,8905.56234781182,15765.623240599962,3.8291913574207745,0.4832219293444772
2011-03-14,25866.33,16729,18381.47142857143,18741.071856911905,18543.291621324643,17834.6308740349,19419.512129704068,7323.038378675359,0.2831108386336739,0.48575693197263653
2011-03-15,14896.28,7918,18916.41357142857,19388.82259719264,19128.9976330224,22049.886059383105,32458.756229746607,4232.717633022401,0.284145950064204,0.4846295965067534
2011-03-16,21715.11,12843,19310.239999999998,18980.40963381149,19161.81633521517,18231.637671753935,19415.737633186593,2553.293664784829,0.11758142900426612,0.4699373875782041
2011-03-17,31976.51,19025,19787.985000000004,19229.018758010447,19536.450191104705,19985.363468197615,25076.2424659573,12440.059808895294,0.3890374468287907,0.473794192037026
2011-03-18,23334.6,13214,20384.765000000003,20387.881598191314,20386.167469186094,21994.883403611988,16798.27646672471,2948.432530813905,0.1263545349315568,0.47597001980343645
2011-03-20,19880.99,13473,20718.226428571426,20655.76508926483,20690.11882588346,14405.674054241337,11384.92802985293,809.1288258834575,0.04069861842309953,0.40735503781032006
2011-03-21,16020.1,9443,19794.140714285713,20585.330990240756,20150.176338465484,23788.195240342844,29224.730852300665,4130.076338465484,0.2578059024890908,0.40627922953300416
2011-03-22,19016.94,13484,19702.537142857145,20170.30999112796,19913.034924579013,19571.74932810641,25587.554065884717,896.0949245790143,0.0471208787838114,0.38933956852338564
2011-03-23,21566.02,13918,20350.05642857143,20065.458173752693,20221.987213902998,21722.58955399131,19327.202035120463,1344.0327860970028,0.06232178149222725,0.38488976551822734
2011-03-24,36496.79,18164,20444.211428571427,20201.87288522972,20335.159084067658,25019.813411064246,23270.692525772232,16161.630915932343,0.4428233528464378,0.3968085331087924
2011-03-25,27271.1,13325,21466.545714285716,21683.22898657247,21564.05318681476,23814.082448725007,22206.24157212203,5707.046813185239,0.20927086964534763,0.39387922160805794
2011-03-27,9189.77,4495,21963.036428571428,22191.21726052043,22065.71780294848,21889.33976404586,9441.897806642493,12875.947802948478,1.401117525569027,0.4089032395295927
2011-03-28,19961.67,11574,20874.465,21009.267509564026,20935.12612930381,18633.44075353449,22858.088574856043,973.4561293038132,0.048766267015926686,0.3950260269218559
2011-03-29,37190.52,24183,20807.816428571427,20914.031372330934,20855.613153263206,22637.274996506283,21038.355042874602,16334.90684673679,0.43922232995765564,0.3977034721241893
2011-03-30,29523.85,20055,23170.195000000003,22393.712156664486,22820.77772049902,25121.214298239334,25058.562148047135,6703.072279500979,0.22703923368737408,0.4039851383444683
2011-03-31,25621.11,14930,23431.446428571428,23041.90650605862,23256.153463440663,28282.449799453025,37159.03374769551,2364.956536559337,0.0923049991416975,0.4045578394437373
2011-04-01,24487.9,18279,24197.50571428571,23276.37955096238,23782.998940790214,25633.889039911108,22770.239133523355,704.9010592097875,0.02878568840977738,0.4022454135663388
2011-04-03,6872.53,5646,24395.562142857143,23386.517773602165,23941.4921766924,20488.119113977074,18307.50149306511,17068.962176692403,2.4836504426597488,0.4460807816063163
2011-04-04,28998.010000000002,12861,22602.420714285716,21885.24615782015,22279.692163876214,21144.06588338586,19364.45416940128,6718.317836123788,0.23168203046084154,0.44341023243321315
2011-04-05,28667.42,15175,23006.95,22531.861052563774,22793.159973653703,30268.718417087413,24168.823651425082,5874.2600263462955,0.204910662569087,0.4442779880094116
2011-04-06,12698.32,8011,23634.552142857145,23089.63913869434,23389.341290983884,25793.827202363937,24846.855051168193,10691.021290983885,0.8419240727107117,0.46943539584312405
2011-04-07,16780.32,10063,23397.28214285714,22144.973762449397,22833.743371673656,20532.414775592588,31995.186710175418,6053.423371673656,0.3607454072195081,0.4685372869530077
2011-04-08,22673.91,12272,23237.52357142857,21657.277965863086,22526.413048924103,22348.666897591436,23533.39028878721,147.4969510758965,0.006505139655043903,0.46268276071551717
2011-04-10,9879.75,5603,23316.658571428572,21749.699059875533,22611.526791229706,16171.239622329627,6822.4139815219805,12731.776791229706,1.2886739837778998,0.4717073178078793
2011-04-11,20179.7,13127,21415.441428571427,20670.61278170503,21080.26853748155,21045.44767766376,23668.548795225943,900.5685374815475,0.044627449242632324,0.471730316225973
2011-04-12,23988.6,14577,20908.91285714286,20625.98434700457,20781.59502758063,22350.65847425173,26178.299925844687,3207.004972419367,0.1336887093210678,0.4723414474066637
2011-04-13,24450.27,18752,21965.972142857143,20931.676679095064,21500.53918416421,16847.49382446999,25464.9542306981,2949.730815835792,0.12064205490719701,0.4762314926205496
2011-04-14,35682.73,18507,22286.58642857143,21251.548799177333,21820.81949534409,18252.902444256077,28516.46634631716,13861.910504655913,0.3884767366357874,0.48283705436665686
2011-04-15,17999.181,11088,22178.88714285714,22563.474362888483,22351.951391871247,24030.72519244199,25006.342780710274,4352.770391871247,0.24183158066310054,0.48913524247224544
2011-04-17,12630.34,8136,21355.6965,22148.538602625893,21712.475446181652,17364.339321108208,12760.502232686596,9082.135446181652,0.7190729185581427,0.38546462784349106
2011-04-18,43671.37,26219,20427.78435714286,21283.24782056899,20812.74291568462,21283.258822161646,22375.38374219824,22858.627084315383,0.5234236316450659,0.39347505427720414
2011-04-19,18811.19,12902,21798.032214285715,23318.531655062718,22482.256962635365,28438.312415848282,27496.102608219328,3671.0669626353665,0.1951533615170208,0.3905086346589647
2011-04-20,25715.8,17851,22650.79364285714,22908.773322784287,22766.884498824358,22850.16730446516,17975.00335180394,2948.915501175641,0.11467329428505593,0.390411696834991
2011-04-21,27771.04,17075,22416.350071428573,23163.957566167534,22752.77344406111,28725.00193230225,29191.082641414956,5018.2665559388915,0.18070142695192154,0.38346716283909543
2011-04-26,21536.86,14458,22352.322928571426,23582.783241970483,22906.030069601,24164.88947990247,26960.6469658461,1369.1700696010012,0.06357333750607104,0.38137445625824584
2011-04-27,23566.91,17658,22983.647214285716,23396.790219973165,23169.56156684507,19747.8023570112,10642.660494543334,397.3484331549298,0.016860438349997085,0.3805798502558091
2011-04-28,21312.18,13106,23468.403642857145,23412.25565452106,23443.137048105906,32286.117124317934,23768.208222491194,2130.9570481059054,0.09998775573901428,0.3753192453641399
2011-05-01,6958.11,3814,23371.13721428571,23221.339685928237,23303.728326524848,21791.899686546036,33086.54694550795,16345.618326524847,2.3491462949744757,0.45205342590382874
2011-05-03,28877.21,11134,23162.448642857144,21742.86425993476,22523.63567054207,21176.903495031955,24986.799246084636,6353.57432945793,0.22002036656096383,0.45731004540611997
2011-05-04,27509.81,17359,23783.699357142854,22391.441145395234,23157.183161856425,25078.319732313736,30866.82707118611,4352.626838143577,0.15822089785947546,0.4478232969065545
2011-05-05,25191.79,16188,24035.214357142857,22856.74740490476,23504.904228635714,21585.89336810555,20652.1925468796,1686.8857713642865,0.06696172726766483,0.44307965882729844
2011-05-06,30783.33,18285,24088.18007142857,23069.02400445887,23629.559841292205,21750.72561222155,10210.568972468369,7153.770158707797,0.232391042772429,0.40412210940074517
2011-05-08,18731.98,10621,23738.222928571427,23770.324549508066,23752.668657992916,24175.507437304026,40254.065953683545,5020.688657992916,0.26802765420382235,0.41143082230700834
2011-05-09,21608.16,11679,23790.565714285716,23312.293226825514,23575.343094928627,17322.246201269474,22559.57671938399,1967.1830949286268,0.09103889895894082,0.39982470794038455
2011-05-10,29807.25,16381,24431.838571428572,23157.37202438683,23858.32862525979,26483.64022580682,19092.852031675364,5948.92137474021,0.19957967859296682,0.39890938943723764
2011-05-11,31848.3,18422,23441.544285714284,23761.906385806207,23585.707230755652,27070.447048690938,24175.358335174005,8262.592769244347,0.25943591241116004,0.404480419879553
2011-05-12,59827.74,37090,24372.766428571427,24497.033078005643,24428.686420816826,25641.184810234674,24717.097021340935,35399.05357918317,0.5916829480636102,0.42324366186801415
2011-05-13,25815.72,13265,26809.333571428575,27708.915525459677,27214.145450742573,33840.82063776189,25183.623000944455,1398.4254507425721,0.054169531229133726,0.342260964820327
2011-05-15,9667.15,4768,26669.667857142857,27536.80684132698,27059.880400025715,25614.891564039506,27289.746268204206,17392.730400025714,1.7991580145157273,0.3945101642888232
2011-05-16,35706.7,15135,25821.83142857143,25912.292583024526,25862.538948075322,25946.857975057035,18624.969389936596,9844.161051924675,0.27569506708614,0.3968696444393916
2011-05-17,46361.090000000004,25164,26688.959285714285,26802.693257295025,26740.13957292562,34546.922398480245,33921.12644490099,19620.950427074386,0.423220213913745,0.38291284914615936
2011-05-18,32775.69,18591,28478.167142857146,28580.72932481366,28524.320124737576,33430.32561200434,40114.063200257835,4251.369875262426,0.12971107168948773,0.375211704628492
2011-05-19,31521.87,17160,30322.28,28962.089386194235,29710.194223787406,40733.73948126911,28158.32055009382,1811.6757762125926,0.05747361359629339,0.37691065375986704
2011-05-20,25351.44,15063,30511.184285714287,29194.79671472203,29918.809878767774,29919.352171427134,29281.284463671516,4567.369878767775,0.18016214774260456,0.33996025922535716
2011-05-22,24102.0,12645,30357.015000000003,28845.4006497473,29676.78854238629,24145.1008699811,37674.548014654305,5574.78854238629,0.231299831648257,0.3461826719722113
2011-05-23,31232.53,17479,30279.172857142858,28414.18240886118,29439.927155416102,32820.201903614965,24638.292248607042,1792.6028445838965,0.05739537733843197,0.34363956090612346
2011-05-24,32460.83,14577,30311.25857142857,28670.395826237433,29572.870336092557,36686.21112919423,34125.011113296234,2887.9596639074443,0.08896752374808174,0.34258374320081963
2011-05-25,21870.71,12435,31291.890714285713,29014.98075112494,30267.281230863366,30394.10224485956,35566.76149149545,8396.571230863367,0.3839185481798884,0.34243180358562303
2011-05-26,32764.38,16146,31310.644285714287,28365.501591931763,29985.330073512152,28050.48627230698,44275.537282881305,2779.049926487849,0.08481924353483414,0.3371980590146808
2011-05-27,21109.22,14828,31521.867857142857,28765.399629028878,30281.457154491567,28213.841725927006,26796.207257136422,9172.237154491566,0.43451331477390287,0.32771273888853947
2011-05-29,7338.9400000000005,4067,30754.790714285715,28069.383299117162,29546.35737745987,25630.69459381703,17189.905133038683,22207.417377459868,3.0259706956944554,0.4111309743568524
2011-05-31,18133.2,10568,27005.59071428571,26184.797544651967,26636.23378795053,24912.96696586162,21872.457812551394,8503.033787950528,0.4689207524292749,0.4202565540539276
2011-06-01,15380.39,9555,26456.839285714286,25452.83413150179,26005.036966318665,26534.574584775226,37997.017657320735,10624.646966318665,0.6907917787727532,0.43946050353685084
2011-06-02,28078.91,13703,26864.927857142855,24537.157392274356,25817.431147952033,19553.143834576433,26684.845186478364,2261.478852047967,0.08054012253495478,0.4361217933896186
2011-06-03,15024.11,7237,26320.085714285717,24859.134902067595,25662.657848787563,24393.92355689661,26409.460091187793,10638.547848787563,0.7080983731340866,0.45760596124388575
2011-06-05,25423.760000000002,13397,24081.730000000003,23965.04172915236,24029.220278118562,18220.221462493977,24042.418672771142,1394.5397218814396,0.054851828442427066,0.45887234091363344
2011-06-06,16269.03,9139,23556.592142857142,24097.652481047597,23800.06929504285,15476.225812975663,18323.344463406294,7531.039295042849,0.4629064729146635,0.4709696314861551
2011-06-07,33807.85,17659,22467.10357142857,23385.95952822509,22880.58875198701,19259.286272980014,22952.4902937366,10927.26124801299,0.32321668630253003,0.40343864453042355
2011-06-08,30122.23,18809,23071.132857142857,24333.40411656826,23639.15492388429,20841.172597853525,29661.64249751663,6483.0750761157105,0.2152256016940217,0.4032788190348588
2011-06-09,42862.8,27153,23501.149285714288,24859.661015062055,24112.479563920784,26113.194681974946,24808.91741858662,18750.32043607922,0.4374497334770294,0.4125864468887773
2011-06-10,58245.12,9833,24331.88285714286,26496.31001369278,25305.875077590325,24027.124447497146,47284.85719941204,32939.24492240968,0.5655279776642177,0.4292053219019957
2011-06-12,12397.09,9454,26173.617857142857,29382.565466993434,27617.644281575616,33741.3689376392,25525.751976877214,15220.554281575616,1.2277521806791445,0.4623840264988862
2011-06-13,19696.66,10653,25496.930714285718,27838.431333630393,26550.605992990822,24088.30508852246,7584.470178896625,6853.945992990823,0.34797503703627025,0.4650489392599679
2011-06-14,33324.49,12960,24563.522142857142,27098.270303300356,25704.158815056588,33891.953648339186,28738.287889579828,7620.33118494341,0.2286706018589755,0.46963666268996895
2011-06-15,44954.18,29446,25436.04142857143,27664.2902757276,26438.75340979171,33835.35835731588,32806.63277434374,18515.42659020829,0.411873302776478,0.4767131168294193
2011-06-16,32252.1,19616,28122.844285714287,29236.098432479634,28623.808651758693,36377.85676393201,34372.44670204521,3628.291348241306,0.1124978326447365,0.4718151808372052
2011-06-17,19053.53,11345,29131.337142857144,29510.280393163303,29301.861605494916,40331.93350777333,26089.268378691697,10248.331605494917,0.537870494627238,0.47002143238932614
2011-06-19,22421.48,15069,29393.704285714284,28559.666721057547,29018.387381618755,22136.698365156393,27120.944460260594,6596.907381618756,0.29422265531172587,0.47802320319207925
2011-06-20,26110.99,14865,28989.602142857148,28001.64974641595,28545.023564458614,26664.079801008535,21431.819558491523,2434.033564458612,0.09321873910022607,0.4211585606782292
2011-06-21,19827.91,13122,29781.522142857142,27829.771587650863,28903.234393014318,30532.76478002552,34938.89318278158,9075.324393014318,0.4577045383509567,0.42722554305372307
2011-06-22,21143.75,15269,29381.818571428572,27102.329625137147,28356.048545597434,31646.252345827947,30765.69743138369,7212.298545597434,0.3411078236167867,0.42448846337715784
2011-06-23,22469.62,13972,29730.012857142858,26560.6405683065,28303.7953271665,26288.884542703254,31080.580490976427,5834.1753271665,0.2596472627114522,0.4288196697445566
2011-06-24,16016.04,9063,28920.139285714286,26188.729607551362,27691.00493054097,21293.030519976073,43299.72117465059,11674.96493054097,0.7289545312412412,0.4512023669993882
2011-06-26,7032.36,3760,27912.554285714286,25263.93964322851,26720.67769659569,20916.108185473924,10029.157767304734,19688.317696595688,2.7996743193743905,0.5385194393871144
2011-06-27,13381.75,9151,25353.237142857142,23606.523312025918,24567.215918983093,20328.750446308874,7913.175733417172,11185.465918983093,0.8358746740137196,0.5586719341326298
2011-06-28,30470.88,20821,22148.710714285717,22676.998465478107,22386.440202322294,18074.529221759483,21376.339423520625,8084.439797677707,0.2653169123332738,0.5656026519657913
2011-06-29,12569.78,7468,23439.695714285714,23385.533150434643,23415.322560552733,20244.534912261253,27226.133248580514,10845.542560552733,0.862826760735091,0.5913979598653583
2011-06-30,41709.24,20495,22930.632857142857,22402.28286403149,22692.875360242746,17029.405863031872,23964.390965577993,19016.364639757252,0.45592690348127307,0.5937982383754045
2011-07-01,12146.44,7433,23529.54357142857,24157.460785483174,23812.106317753143,21162.904623936112,14752.481141175671,11665.666317753143,0.9604185520821856,0.6229848819936495
2011-07-03,5972.7300000000005,3091,21186.13357142857,23065.5498049847,22031.870876528832,14685.111094820517,20212.018777797417,16059.140876528832,2.6887438200837526,0.698125898837311
2011-07-04,30941.37,12056,19309.035714285714,21511.657095440638,20300.21533580543,16057.729356928001,15109.234320381918,10641.154664194568,0.34391349394660187,0.6087239921123826
2011-07-05,25988.510000000002,17631,20158.167142857146,22368.903723127853,21152.998603978966,27895.48597027708,24195.887593983258,4835.5113960210365,0.1860634332642016,0.5992954148068802
2011-07-06,22934.22,17805,20412.954999999998,22697.95883920714,21441.206727643214,17368.758070618627,22540.738559932088,1493.0132723567876,0.06509980598236119,0.5784390157138671
2011-07-07,27860.38,17638,20186.04285714286,22719.437126551944,21326.070278376952,28190.33253473218,29426.28495990568,6534.309721623049,0.2345377098813099,0.5835722686254122
2011-07-08,17538.5,10153,20759.790714285715,23186.795569592676,21851.942899173846,19801.046220816068,33457.6874716136,4313.442899173846,0.2459413803446045,0.5681670355324295
2011-07-10,5959.54,4204,20502.272857142856,22673.31415417516,21479.241440807396,16193.249212598443,3512.1113983257455,15519.701440807396,2.6041777453976978,0.6531445660976053
2011-07-11,20008.83,14097,19322.981428571427,21153.880140159235,20146.88584878594,23530.34524984148,11644.311198267598,138.055848785938,0.0068997462013490034,0.6379443418738281
2011-07-12,17938.49,11537,19608.180714285718,21049.784672872032,20256.902495649563,23012.809236073233,28429.580504390637,2318.4124956495616,0.12924234401276594,0.6314785304641694
2011-07-13,19411.52,15251,20387.190000000002,20766.93970261094,20558.077366174926,19485.772410047077,22802.80672293664,1146.5573661749258,0.05906582102663397,0.6262732044419229
2011-07-14,31979.04,17049,20817.88785714286,20643.71972964631,20739.512199769415,20565.51492688814,31201.861761100146,11239.527800230586,0.351465453629333,0.6234070617803332
2011-07-15,11814.7,6359,20925.613571428574,21674.203390587554,21262.478990050116,19976.95152427947,10088.794650517746,9447.778990050116,0.7996630460401123,0.6312115640595297
2011-07-17,16926.15,10809,20871.679285714286,20777.88490053414,20829.47181238322,12827.264613102461,8910.072863830193,3903.3218123832194,0.23060895787779376,0.5979734566328179
2011-07-18,22001.63,12701,19101.458571428575,20427.727182303763,19698.279446322413,20043.770794976896,24684.094744379283,2303.3505536775883,0.10468999586292417,0.5898639552603732
2011-07-19,46583.01,28400,19805.40071428571,20570.809256639783,20149.834558345043,20413.068625489726,18151.75032652678,26433.17544165496,0.5674424096179048,0.6011563488523374
2011-07-20,27021.06,15341,22706.135000000002,22935.55477876344,22809.37390044355,24065.486196585316,22415.536186553127,4211.686099556453,0.1558667979552413,0.5926227986916295
2011-07-21,30271.94,19533,22426.11285714286,23306.964344330398,22822.496026377252,26790.4318612581,24825.956809836236,7449.443973622747,0.24608412852373343,0.5970756752209294
2011-07-22,14628.880000000001,8325,22732.072142857145,23940.14394939127,23275.704455797502,21857.275603845228,17025.501946843837,8646.824455797501,0.5910790474593749,0.5988492936486672
2011-07-24,26777.92,17569,22138.83357142857,23093.665408537516,22568.507898127595,23505.726382310204,5981.985043715304,4209.412101872404,0.1571971274046828,0.5942817760517658
2011-07-25,19676.55,14271,22061.514999999996,23428.597644125017,22676.702189856256,26010.951687366025,20021.615499383734,3000.152189856257,0.15247348696068452,0.5962569343137811
2011-07-26,17284.301,12637,22214.23285714286,23087.50240375001,22607.20415311608,32961.66679608125,26227.491448689616,5322.90315311608,0.3079617251004874,0.5912655072054321
2011-07-27,22846.13,13224,23023.144357142857,22559.93863977274,22814.701784326306,22974.55861265496,16480.946827598138,31.428215673695377,0.0013756472397598795,0.579941101326198
2011-07-28,54171.95,29683,23225.808642857144,22585.956036157037,22937.874969842094,25363.69878093328,38856.083382994715,31234.075030157903,0.5765728394521132,0.5905052872175534
2011-07-29,17166.75,11165,25813.91292857143,25457.41003287003,25653.4866255058,24510.311169410044,16444.07721633459,8486.7366255058,0.49437060745369976,0.5826858230913019
2011-07-31,33112.36,19398,25653.572214285716,24703.71366624548,25226.13586766761,23871.43484085586,15243.27919207573,7886.224132332391,0.23816557117440104,0.4973021981513022
2011-08-01,19778.12,11256,25734.523642857144,25468.13606022316,25614.649230671854,26137.456375127673,33223.46208310463,5836.529230671855,0.2951003043096035,0.4792763858278317
2011-08-02,20272.0,14223,26303.339357142857,24950.86187293015,25694.72448924714,25024.693316742992,39834.15574292004,5422.724489247139,0.2674982482856718,0.479349097026245
2011-08-03,26572.83,16125,26542.328642857145,24525.510793572863,25634.76061067922,24627.817401323817,25636.64655088395,938.0693893207826,0.03530182480830166,0.45176493249535205
2011-08-04,62074.19,40092,26868.84292857143,24711.630721429876,25898.097435357733,37396.61907890291,31000.02584722067,36176.09256464227,0.5827879923143946,0.45599363545645605
2011-08-05,19703.95,12162,27975.355785714288,28108.227019481703,28035.147840909623,28043.408566927625,23519.506490578286,8331.197840909623,0.4228186653391641,0.43807363923168874
2011-08-07,7541.91,5174,27452.705071428576,27344.201835892454,27403.878615437323,28289.25218637466,21558.64354688883,19861.968615437323,2.6335462257488254,0.4362337194205244
2011-08-08,19743.98,12430,25829.1315,25543.993487174957,25700.819394228733,23156.827135877087,22523.759136461835,5956.839394228733,0.30170408368671026,0.43482673907852804
2011-08-09,25949.920000000002,15821,26194.495785714284,25016.719533795414,25664.496472350795,26790.684309805874,20573.44988252506,285.42352764920724,0.01099901377920268,0.42899125842902813
2011-08-10,19853.41,12326,26135.352928571432,25101.555939814014,25670.144283630594,25490.648417546483,25271.448852185604,5816.734283630594,0.29298414144626006,0.4365874029444914
2011-08-11,54325.27,36444,26147.985785714285,24624.451763467285,25462.395475703135,35676.94065127785,46082.33742412961,28862.87452429686,0.5312973966681963,0.4464793925040543
2011-08-12,17970.170000000002,11049,28793.769285714287,27324.52614860662,28132.609874015838,26051.35638111724,19142.1341742901,10162.439874015836,0.5655171806396843,0.4571319191805569
2011-08-14,5701.87,3172,28445.48642857143,26474.130135096926,27558.376096507905,17140.462347135082,29090.43056509842,21856.506096507906,3.8332171895374514,0.49809990065188203
2011-08-15,17235.95,10173,24983.337857142855,24585.742850088114,24804.420103968223,21178.012103578323,20745.91225122694,7568.470103968222,0.4391095416248145,0.5125068938326642
2011-08-16,16072.710000000001,10461,24988.280714285713,23917.579863716466,24506.46533152955,26638.606867621806,33810.872419979976,8433.75533152955,0.5247251603201669,0.5256896543762443
2011-08-17,48554.44,24794,23771.16285714286,23204.409876105878,23516.12401567622,19660.64003088766,24460.44429189771,25038.31598432378,0.5156751058054377,0.5409099638688711
2011-08-18,54034.98,34016,25826.614285714288,25508.958069187163,25683.66898827708,36671.8451976308,49282.490276560784,28351.311011722923,0.5246843991007847,0.5466839287179195
2011-08-19,17326.07,10663,28238.255714285715,28102.232790170146,28177.04539843371,25141.76724176352,19711.030987711973,10850.975398433711,0.6262802469592765,0.5409045020818916
2011-08-21,14410.25,8075,27577.772857142856,27122.581627427404,27372.936803770906,17513.51126516422,18799.545319364857,12962.686803770906,0.899546281554512,0.5632024128711155
2011-08-22,29617.26,15527,24173.205714285716,25966.915115843094,24980.374944986535,25726.160709614425,20788.89998388145,4636.885055013463,0.1565602305889695,0.564931420695317
2011-08-23,22384.02,13698,24881.299285714285,26298.764650766447,25519.15869998776,27267.57047141486,24557.576535653872,3135.1386999877614,0.14006146795739824,0.5506853893066335
2011-08-24,38371.37,27328,25941.45,25942.87877342404,25942.092948040823,34231.92824383572,23370.98779896536,12429.27705195918,0.32392059631853587,0.5562871825854099
2011-08-25,22441.260000000002,13151,27271.97785714286,27072.741612203674,27182.321546920226,37666.85829150043,59034.974656002654,4741.061546920224,0.21126539004138908,0.555126557969332
2011-08-26,24095.49,16763,27021.359285714283,26651.69782927607,26855.011630317087,21726.595762258163,15053.826637580649,2759.5216303170855,0.11452440395763212,0.5392414031859404
2011-08-28,10686.56,6701,27324.365,26419.31529934188,26917.092634703848,21631.42376378808,20289.42018065545,16230.532634703848,1.5187799099713892,0.584627495938164
2011-08-30,8805.17,4207,24207.31428571429,24989.064817583527,24559.102025055447,25907.283894152657,17461.8016452773,15753.932025055447,1.7891684118597877,0.6391839934348007
2011-08-31,20527.89,11542,23552.67142857143,23517.801652348662,23536.980029271188,20564.769678772027,16085.679823149692,3009.0900292711885,0.1465854517571552,0.6338047843233563
2011-09-01,37358.62,27850,24611.67285714286,23245.991502135148,23997.116247389393,27016.17248767092,36921.23093289888,13361.50375261061,0.3576551744312453,0.6456807685630725
2011-09-02,30203.86,15375,26049.00642857143,24528.95772921377,25364.984513860483,21882.132501136497,57109.96802461016,4838.875486139517,0.16020718829114944,0.6318019135243738
2011-09-04,16930.43,10863,27058.374285714286,25044.85793564888,26152.291928184855,22064.169170481673,12794.503871170687,9221.861928184855,0.5446915363747321,0.6334792778217415
2011-09-05,35439.91,22266,24799.516428571427,24307.18266877171,24577.966236661556,17213.442117515086,7515.158122010498,10861.943763338448,0.3064890335031451,0.6357567265660329
2011-09-06,25466.97,14451,23471.297142857144,25319.248789792466,24302.87538397804,22092.572185105106,26058.565715047414,1164.094616021961,0.045709977120244806,0.6274437156597209
2011-09-07,21967.420000000002,13731,24052.79,25332.677990720425,24628.739595824194,24644.422057557174,23822.924581302737,2661.319595824192,0.12114848242643843,0.6225653901310798
2011-09-08,23048.38,15979,24592.587857142855,25026.745446109475,24787.958772177837,29758.883554855507,28494.049383709098,1739.578772177836,0.07547509942902,0.6239044992851037
2011-09-09,25082.86,15989,24123.382142857143,24846.894041917705,24448.962497434397,27826.398722198894,36611.41272902651,633.8975025656036,0.02527213812801266,0.6053206374788911
2011-09-11,35206.92,20906,24316.156428571434,24868.345492652457,24564.641507407898,22063.26878759914,17737.626435898077,10642.2784925921,0.3022780320627905,0.6013026163696786
2011-09-12,27777.36,16323,24090.12428571429,25808.215902411324,24863.265513227954,30599.153121829688,8642.559557046043,2914.0944867720464,0.10490897935484317,0.5170147081565459
2011-09-13,48116.5,35000,24471.274285714288,25987.229002192114,25153.45390812931,25711.424514966533,15870.075928353166,22963.04609187069,0.47723849598101875,0.5228658552330229
2011-09-14,22013.75,13433,26187.06071428571,27998.980911083738,27002.424802844824,29216.032446518657,25828.26362945359,4988.674802844824,0.22661631038986196,0.5300530984533781
2011-09-15,71926.69,27638,26996.145714285714,27454.869010076123,27202.5711973914,26793.264940779747,47875.92110515061,44724.1188026086,0.6218014314659635,0.5410136747873683
2011-09-16,23245.03,14125,31504.825714285715,31497.76182734193,31501.64696516101,37418.76015371848,51317.38466720385,8256.61696516101,0.3551992389410128,0.535143736196462
2011-09-18,15639.55,8937,31698.90714285714,30747.51347940175,31270.779994302215,35003.08514116648,20168.046668066585,15631.229994302215,0.9994680150197555,0.5496087640091311
2011-09-19,46588.21,29241,30147.545000000002,29374.06225400159,29799.47776430072,30508.919121086954,28736.232980935718,16788.73223569928,0.36036439768128636,0.4338470042805923
2011-09-20,103377.68,42599,31317.855714285713,30938.984776365083,31147.363792221433,45529.10303406014,34721.008188072374,72230.31620777855,0.698703203706821,0.4425001263499926
2011-09-21,38472.1,19615,37492.65928571428,37524.320705786435,37506.906924746756,41757.61208097394,40590.57480104584,965.1930752532426,0.02508813075587874,0.42584555869784957
2011-09-22,57734.98,32749,37709.24428571428,37610.48245980585,37664.80146405549,51730.78583604596,44833.201475459784,20070.178535944513,0.34762597191415867,0.4202439209014736
2011-09-23,31753.75,19786,40014.10214285714,39439.982236187134,39755.748184855634,42434.53442439893,40134.96104116867,8001.9981848556345,0.2520016749157386,0.4111544967619721
2011-09-25,31164.781,19424,40713.125714285714,38741.23385107921,39825.77437584279,39959.599585381875,43868.88727738428,8660.99337584279,0.27790964986542954,0.3995421435255106
2011-09-26,29265.511,15238,41292.86864285714,38052.46541007201,39834.68718810384,46868.33378295957,31643.393443886802,10569.17618810384,0.3611478435522223,0.3815955289254342
2011-09-27,29212.32,19505,41591.629428571425,37253.65137279273,39639.539303471014,65800.26542337699,41301.14246225993,10427.219303471014,0.35694594963601023,0.38827505289366887
2011-09-28,39001.91,24026,41163.44371428572,36522.62124799339,39075.07360445417,35749.50902123264,31932.78581850826,73.16360445416649,0.001875897986897731,0.38366886722798554
2011-09-29,44671.27,26957,41965.197285714275,36748.01113453944,39617.4635176856,43433.747694158585,67420.4073035912,5053.806482314394,0.1131332617656582,0.3766426227428896
2011-09-30,40023.44,21646,41719.10942857142,37468.30739503585,39806.248513480416,33840.633965972826,34891.31297346039,217.19148651958676,0.005426607171187353,0.3697813299805496
2011-10-02,11479.98,8322,43005.515857142855,37700.59217730532,40618.30020121597,33913.723693912696,26619.33172657524,29138.32020121597,2.5381856241226877,0.4505700373193847
2011-10-03,62143.07,24553,38687.89371428571,35316.900161186655,37170.946615391134,29709.71420066153,48534.993389144685,24972.123384608865,0.4018488849136173,0.4133390031507923
2011-10-04,38532.090000000004,23016,41466.32514285714,37755.64287380605,39796.518121784145,38932.55557976146,75551.0245426968,1264.4281217841417,0.03281493741409151,0.3547938873359358
2011-10-05,73975.56999999999,45854,43101.506571428574,37826.22897618732,40727.63165357001,37722.32713879171,33745.95059038717,33247.93834642998,0.4494448416744877,0.36488920033318023
2011-10-06,60258.53,34513,45057.746571428564,41112.532705624835,43282.40033181688,45970.6219298129,53138.066949041735,16976.129668183115,0.28172160303583765,0.36235808128666663
2011-10-07,49089.47,29636,41977.80728571429,42853.07791420439,42371.67906853484,47008.79474488633,40193.143969187135,6717.790931465162,0.1368479010155368,0.3615794383774796
2011-10-09,12215.51,7263,42736.19085714286,43420.02264927672,43043.915163603095,35895.86271892954,45948.011824139205,30828.405163603093,2.5237100345055663,0.4275467216485074
2011-10-10,42962.8,24990,39484.800142857144,40583.24877206974,39979.102026002816,52086.31965880091,34811.26312172449,2983.6979739971866,0.06944840592319836,0.41964536739584246
2011-10-11,46401.14,26633,40285.44657142857,40799.57161097249,40516.80283922334,45281.98652555309,48100.216945483924,5884.33716077666,0.12681449552266735,0.42234885134258987
2011-10-12,27655.2,16151,41373.75792857143,41308.80510088408,41344.52915611213,55464.26255176251,39519.35467642661,13689.329156112126,0.49500018644277116,0.434810574809801
2011-10-13,32850.25,17813,41258.73571428571,40067.56827353098,40722.710365946084,42823.362205713354,65028.3213612282,7872.4603659460845,0.2396468935836435,0.4402829679482884
2011-10-14,32071.62,17189,41518.587857142855,39411.448430482706,40570.37511514579,40968.83266802474,33564.091164223624,8498.755115145792,0.264993009868095,0.44827366367295784
2011-10-16,21767.94,8649,41023.56714285714,38744.19130043882,39997.8480137689,26522.27164659688,16916.18271364549,18229.908013768898,0.8374659252905373,0.4661132601138827
2011-10-17,46868.65,30056,39387.615,37200.89572767165,38403.59132745224,35044.64629729222,58896.363697887704,8465.058672547762,0.18061238530548165,0.46863670697890397
2011-10-18,37248.16,26865,39876.55857142857,38079.78247970149,39068.009330151384,40107.389703347566,72645.58067758547,1819.8493301513809,0.04885742893478176,0.4543573380773628
2011-10-19,37227.88,18185,41717.142857142855,38004.18043609226,40046.309767670085,30921.53901873403,52850.3687206069,2818.429767670088,0.0757075011435002,0.4493270444358174
2011-10-20,60910.3,40833,39937.48642857142,37933.60766917479,39035.74098684294,33527.77756851114,54652.5562846596,21874.559013157064,0.35912742201494763,0.4405712441207835
2011-10-21,60364.01,24211,41535.93,40022.39788106799,40854.8405464806,40030.80066411054,38260.394319321356,19509.169453519404,0.32319207179111203,0.43950433854912013
2011-10-23,12156.57,6953,40563.67571428571,41871.63534642545,41152.25754874859,37080.822424154045,22964.72751980513,28995.68754874859,2.3851865739060103,0.485694957178662
2011-10-24,38897.89,23661,37127.82142857143,39170.265769477686,38046.92138197925,40231.89984540781,34425.895743291665,850.96861802075,0.02187698659286532,0.47441204347571464
2011-10-25,36113.86,25608,36399.851428571434,39145.50433588881,37635.39523686426,42646.196503877625,37442.017407752326,1521.5352368642561,0.042131614755782296,0.45252632384401337
2011-10-26,34105.36,20101,38106.87642857143,38869.900305353454,38450.23717312334,39925.56396697113,32355.563935794245,4344.877173123343,0.12739572821173395,0.4559365770925419
2011-10-27,55747.2,32418,37474.202142857146,38436.76027759405,37907.35330348875,44151.73797753728,38154.08018259145,17839.846696511246,0.3200133225796317,0.4550161554480576
2011-10-28,37194.58,22966,38141.77785714286,40010.43661599459,38982.67429862614,48535.98541570446,38489.557733602414,1788.0942986261362,0.04807405537651282,0.4482185681300834
2011-10-30,34397.95,19943,38823.162142857145,39754.44965090417,39242.24152147831,27346.293371052758,17968.00484712072,4844.291521478313,0.14083082048431123,0.4436492738173795
2011-10-31,33006.87,15161,38933.71214285714,39267.49513718561,39083.91449030495,38780.00564134284,58624.203427143235,6077.04449030495,0.18411453404412323,0.4377481635004428
2011-11-01,29069.56,16530,39000.51571428571,38698.34739744146,38864.5399717058,38640.717833592724,36644.95470645856,9794.979971705801,0.33694971549984937,0.4370816223625708
2011-11-02,38536.44,26592,39522.06,37823.003088583144,38757.48438986242,35197.342973257764,54158.618100149666,221.0443898624144,0.005735983652418708,0.43721029188475485
2011-11-03,60536.090000000004,33435,38926.90214285714,37887.86098962104,38459.33362390089,43837.52753918435,57088.948762249245,22076.75637609911,0.36468751741480343,0.4455954337397264
2011-11-04,55716.47,33416,40590.32571428572,39946.79089965549,40300.73504770212,39909.37472450393,52793.54556255959,15415.734952297884,0.2766818312843201,0.4546372745434974
2011-11-06,42508.590000000004,23085,41910.93928571429,41380.398090595896,41672.19574791101,39232.20293540534,10577.145266115913,836.3942520889905,0.019675887910866732,0.3706869500031035
2011-11-07,28602.73,16358,40596.531428571434,41482.96099145082,40995.424731867155,39547.17774917883,44790.53907757875,12392.694731867155,0.43326964705352095,0.37173430874110025
2011-11-08,38151.91,21582,38327.868571428575,40312.030901318925,39220.741619879234,38390.610472699926,40449.06350097745,1068.8316198792309,0.028015153628723456,0.37157431594825463
2011-11-09,61241.58,36888,40184.67857142857,40115.656273926295,40153.61853755255,42793.115966716825,30530.0497249295,21087.96146244745,0.34434058465584083,0.3680708407142997
2011-11-10,70373.03,37955,41780.656428571434,42036.194794478455,41895.648693229596,52780.13282359169,49663.599941208835,28477.381306770403,0.40466328232236703,0.3721688966905174
2011-11-11,36932.07,23844,44227.740000000005,44612.27072225314,44400.77882501391,51469.54841216763,41895.19185139648,7468.708825013913,0.2022282754531201,0.37434824250510346
2011-11-13,28416.01,19610,44429.64785714285,43914.07065659376,44197.63811689576,43175.95587564667,33259.515019593695,15781.628116895761,0.555378046280803,0.3087371762309447
2011-11-14,58595.22,32050,42477.42,42505.15605144887,42489.90122315199,39536.8373341656,44294.86136174001,16105.318776848013,0.2748572115071505,0.31558413641707644
2011-11-15,47535.51,26773,44006.037142857145,43967.88913768079,43988.87054052779,48348.77019832517,40361.71779034152,3546.639459472215,0.0746103167815432,0.31384399712570565
2011-11-16,48154.12,29010,44944.434285714284,44292.218306982526,44650.93709528499,51651.822335498575,45644.2669131662,3503.1829047150095,0.07274939101192192,0.29976897061134394
2011-11-17,55683.49,30235,46026.38071428571,44643.30027907502,45403.9945184409,54427.25884253955,68475.92813912389,10279.495481559097,0.18460580472881813,0.29793426764951647
2011-11-18,36606.25,20224,47927.375714285714,45646.953890068195,46901.18589338783,45138.142396602794,63333.53290386861,10294.935893387832,0.2812343764627033,0.2984756465360034
2011-11-20,29642.39,18457,47789.505,44825.07171824382,46455.51002320972,38800.95020564347,28776.586518504548,16813.120023209718,0.567198529646554,0.28946673334787065
2011-11-21,45202.01,24494,45582.81214285714,43444.827925676196,44620.719245125714,49171.410682443784,36630.6173071534,581.2907548742878,0.012859843066144355,0.28387498193989275
2011-11-22,49438.55,31596,44831.779285714285,43604.57175061472,44279.53589491948,46389.27798117799,41655.927872548564,5159.014105080525,0.10435205128549532,0.2857248026849165
2011-11-23,71722.75,38287,45326.77642857143,44134.93340964974,44790.447070056674,44900.856727327046,53251.43096672971,26932.302929943326,0.3755057207084687,0.2957180766704155
2011-11-24,38359.69,22812,48406.77785714286,46642.91673604522,47613.040352648924,51607.93252494459,71383.64004134852,9253.350352648922,0.24122588979861206,0.2917880255965376
2011-11-25,26542.33,14142,48421.61928571428,45889.89612367747,47282.343862797716,41028.10408278537,38403.843745411155,20740.013862797714,0.7813938664313839,0.30706141875121334
2011-11-27,16969.25,10307,45943.101428571434,44131.02647607043,45127.66769994599,38399.46645242586,32354.97430294049,28158.41769994599,1.6593790356053444,0.2828678341411911
2011-11-28,51632.21,27932,42128.54571428571,41661.77406915493,41918.49847397686,42847.114127425695,44967.303312029966,9713.711526023137,0.18813278622052274,0.2884096941287797
2011-11-29,48640.57,25886,43178.555714285714,42568.17733559539,42903.88544387507,45513.30365466812,39505.56722869225,5736.684556124928,0.11794032339927202,0.2909366510835627
2011-11-30,41396.79,24423,44623.16714285714,43120.21303235945,43946.83779313318,50616.992676986665,45811.66813160215,2550.047793133177,0.06160013356429755,0.2887434645953148
2011-12-01,44405.37,24810,43394.70785714286,42963.53821123586,43200.68151648471,36513.96803001691,59189.88485382976,1204.688483515296,0.027129342318627136,0.27898066525328136
2011-12-02,44526.1,25524,43171.12642857143,43094.613828396235,43136.69575849259,36488.38687345691,44747.24366756081,1389.4042415074073,0.031204265397315446,0.27841833892064144
2011-12-04,20232.0,11321,42911.982142857145,43224.74893490566,43052.727199278976,33912.57156983251,35482.70132240106,22820.727199278976,1.1279521154250185,0.31132238208533164
2011-12-05,58081.090000000004,38347,40379.73285714286,41134.49903173242,40719.377635708166,42661.48210647228,33839.86316085125,17361.712364291838,0.2989219445484208,0.3151492957688083
2011-12-06,45989.66,27736,41913.65000000001,42675.098210665834,42256.30169479964,47306.29825739415,45841.5732666875,3733.358305200367,0.08117821060647908,0.30662357893902925
2011-12-07,69230.6,41011,43081.31214285714,42976.42200969621,43034.111582934725,41579.75588036698,67276.00068069845,26196.48841706528,0.37839464654452337,0.3190455343687661
2011-12-08,50395.96,27476,44797.64000000001,45363.16546336019,45052.12645851209,46674.78775530041,55173.099300045826,5343.833541487911,0.10603694307019672,0.31042384855727917
2011-12-09,184329.66,90552,44866.02642857143,45820.69223941836,45295.62604345255,47538.16006917087,31705.94193806015,139034.03395654744,0.7542683795789968,0.3263434001671017
